name_key,total_inspections,total_violations,avg_violation_count,avg_days_since_last,first_inspection_rate,avg_prev_rating,inspection_dt,facility_rating_status_y,address,display_name,latitude,longitude,google_rating,google_reviews,google_address,google_lat,google_lon,days_since_latest,recent_factor,score
1 VERJUS CAVE 2 VERJUS,5,0,0,0,0,0,6/23/2022,0,550 washington street,1 verjus cave 2 verjus,37.79586889999999,-122.4027079,,,,,,1301,0,0
111 MINNA GALLERY RED DOOR COFFEE,1,0,0,0,1,-1,9/19/2022,0,111 minna street,111 minna gallery red door coffee,37.787378,-122.399459,,,,,,1213,0,0
20 SPOT MISSION,7,0,0,323,0,0,7/21/2021,0,3565 20th street,20 spot mission,37.758458,-122.4204128,,,,,,1638,0,0
25TH IRVING MARKET,19,0,0,1,0,2,6/9/2022,2,2425 irving street,25th irving market,37.7631526,-122.4839771,,,,,,1315,0,0
5 DEGREE TEA HOUSE,5,0,0,0,0,0,11/30/2021,0,2527 san bruno avenue,5 degree tea house,37.729753,-122.40447,,,,,,1506,0,0
6 TABLES,6,2,0.3333333333333333,5.666666666666667,0.3333333333333333,-0.333333333,11/1/2024,0,1849 union street,6 tables,37.797543,-122.4296775,,,,,,439,0,-3.333333333
7 ELEVEN STORE 2366 22627D,14,0,0,91,0,0.5,6/8/2022,0,5100 geary boulevard,7 eleven store 2366 22627d,37.7808368,-122.4741754,,,,,,1316,0,0
7 ELEVEN STORE 2366 39475B,5,0,0,9,0,1,9/7/2022,0,3400 mission,7 eleven store 2366 39475b,37.7422192,-122.4223927,,,,,,1225,0,0
94641 DOGGIE DINER,2,0,0,182,0,0,4/8/2022,0,24 willie mays place rm 5318,94641 doggie diner,37.7783491,-122.3877002,,,,,,1377,0,0
94654 DERBY GRILL TONY S PIZZA,4,0,0,182,0,0,4/8/2022,0,24 willie mays place rm 2103,94654 derby grill tony s pizza,37.7783491,-122.3877002,,,,,,1377,0,0
94674 DOGGIE DINER,3,0,0,364,0,0,4/8/2022,0,24 willie mays place 2112,94674 doggie diner,37.7783491,-122.3877002,,,,,,1377,0,0
94696 PORTABLE 9 POPCORN,2,0,0,182,0,0,4/8/2022,0,24 willie mays place promenade level 2,94696 portable 9 popcorn,37.7783491,-122.3877002,,,,,,1377,0,0
95229 OUTTA HERE CHEESESTEAK,3,0,0,0,0,0,10/8/2021,0,24 willie mays place view lvl sect 318,95229 outta here cheesesteak,37.7783491,-122.3877002,,,,,,1559,0,0
95239 POPCORN CART,3,0,0,0,1,-1,10/8/2021,0,24 willie mays place view lvl sect 307,95239 popcorn cart,37.7783491,-122.3877002,,,,,,1559,0,0
A DESI,4,0,0,334,0,0,3/15/2023,0,1501 noriega street,a desi,37.7538828,-122.4798713,,,,,,1036,0,0
A16,36,144,4,117.75,0,0.75,9/20/2024,0,2355 chestnut street,a16,37.800043,-122.442097,,,,,,481,0,-40
AAHA INDIAN CUISINE,11,0,0,0,0,1,8/24/2022,1,3316 17th street,aaha indian cuisine,37.7635567,-122.4200257,4.3,419,"3316 17th St, San Francisco, CA 94110, United States",37.76350619999999,-122.4200378,1239,0,4719
ACME BREAD COMPANY,7,0,0,0,0,0,12/8/2021,0,1 ferry building 15,acme bread company,37.795225,-122.39377,,,,,,1498,0,0
AFC SUSHI HAIGHT STREET MARKET,4,0,0,0,1,-1,10/28/2020,0,1530 haight street,afc sushi haight street market,37.7702281,-122.4475864,,,,,,1904,0,0
AFC SUSHI SAFEWAY 1711,18,0,0,226.66666666666666,0,0,3/5/2025,0,15 marina boulevard,afc sushi safeway 1711,37.805073,-122.433106,,,,,,315,0.136986301,0
AKIKO S SUSHI BAR,3,0,0,0,0,0,5/3/2023,0,542a mason street,akiko s sushi bar,37.788484,-122.410045,,,,,,987,0,0
AL PASTOR PAPI,10,0,0,0,0,0,4/20/2022,0,601 mission bay boulevard,al pastor papi,37.7707779,-122.3914399,4.7,86,"232 O'Farrell St, San Francisco, CA 94102, United States",37.7864848,-122.4086079,1365,0,4786
ALBERTINO MARKET,4,2,0.5,196,0.5,-0.5,3/14/2025,0,1897 lombard street,albertino market,37.800063,-122.4325575,,,,,,306,0.16164383561643836,-5
ALLSTARS CAFE,5,0,0,0,0,0,4/20/2022,0,1500 market street,allstars cafe,37.775254,-122.4195586,,,,,,1365,0,0
AMERICAN BITES INC,10,0,0,0,0,0,11/8/2022,0,478 green street,american bites inc,37.7998507,-122.4071195,,,,,,1163,0,0
AMICI S EAST COAST PIZZERIA,15,15,1,73,0,0,8/16/2024,0,2200 lombard street,amici s east coast pizzeria,37.799628,-122.437974,,,,,,516,0,-10
ANDERSEN BAKERY,3,0,0,0,0,0,6/15/2022,0,1390 market street 110,andersen bakery,37.7772044,-122.4173489,,,,,,1309,0,0
ANDI S MARKET,3,0,0,0,0,0,12/20/2021,0,820 cortland avenue,andi s market,37.7387394,-122.4142074,,,,,,1486,0,0
ANGLER SF,15,0,0,0,0,0.6666666666666666,9/21/2022,1,132 embarcadero,angler sf,37.7929662,-122.3923472,,,,,,1211,0,0
ANTONELLI BROTHERS MEAT FISH AND POULTRY INC,3,0,0,0,0,0,11/17/2020,0,3585 california street,antonelli brothers meat fish and poultry inc,37.7861846,-122.452872,,,,,,1884,0,0
ARANG,3,0,0,412,0,0,5/3/2022,0,1506 fillmore street,arang,37.7835513,-122.4324432,,,,,,1352,0,0
ARIA,7,0,0,0,1,-1,10/21/2020,1,932 larkin street,aria,37.786565,-122.418116,,,,,,1911,0,0
ARMENIAN CULTURAL CENTER,2,0,0,0,0,0,6/9/2022,0,825 brotherhood way,armenian cultural center,37.7138891,-122.47839,,,,,,1315,0,0
ARMO MARKET LIQUOR INC DBA AMRO MARKET,8,2,0.25,52.25,0.25,-0.25,11/20/2024,0,2901 van ness avenue,armo market liquor inc dba amro market,37.802412,-122.425128,,,,,,420,0,-2.5
ASIAN BOX,10,20,2,258,0,0,11/1/2024,0,2031 chestnut street,asian box,37.800571,-122.4367996,4.4,356,"2031 Chestnut St, San Francisco, CA 94123, United States",37.8005669,-122.436793,439,0,4736
ATELIER CRENN,8,16,2,550.5,0,0,5/30/2025,0,3127 fillmore street,atelier crenn,37.798403,-122.435804,4.7,729,"3127 Fillmore St, San Francisco, CA 94123, United States",37.7983395,-122.435894,229,0.3726027397260274,5409
AURA TEA COFFEE,5,0,0,0,1,-1,6/2/2022,0,121 spear street b05,aura tea coffee,37.7921638,-122.3926569,,,,,,1322,0,0
AVOTOASTY,2,0,0,9,0,0,4/10/2024,0,1796 union street,avotoasty,37.7981839,-122.428801,4.3,263,"1796 Union St, San Francisco, CA 94123, United States",37.7981839,-122.428801,644,0,4563
AZUCAR LOUNGE,4,0,0,0,0,0,3/15/2023,0,299 09th street,azucar lounge,37.774722,-122.406761,,,,,,1036,0,0
B W KITCHEN,6,0,0,0,0,1,7/13/2021,1,958 geneva avenue,b w kitchen,37.7157885,-122.4403542,,,,,,1646,0,0
B44,10,0,0,0,0,0,1/20/2021,0,44 belden place,b44,37.791278,-122.403748,,,,,,1820,0,0
BAAN YAAI,18,60,3.3333333333333335,332.3333333333333,0,0,3/7/2025,0,2274 lombard street,baan yaai,37.7996734,-122.4389331,4.6,261,"2274 Lombard St, San Francisco, CA 94123, United States",37.7996734,-122.4389331,313,0.14246575342465753,4827.666666666667
BACIO,9,0,0,172.33333333333334,0.3333333333333333,-0.333333333,6/12/2025,0,3240 scott street,bacio,37.799838,-122.4408015,,,,,,216,0.40821917808219177,0
BAKESALE BETTY HOT DOG BILL EAST 600,4,0,0,143,0,0,9/15/2021,0,1 warriors way level 600 east,bakesale betty hot dog bill east 600,37.7680183,-122.3878772,,,,,,1582,0,0
BALBOA,18,48,2.6666666666666665,259.3333333333333,0,0,3/11/2025,0,3199 fillmore street,balboa,37.798835,-122.435894,,,,,,309,0.15342465753424658,-26.66666667
BANH MI KING,5,0,0,0,0,0,11/30/2021,0,180 howard street g2,banh mi king,37.7909652,-122.393166,,,,,,1506,0,0
BAO,11,0,0,0,0,2,12/7/2022,2,590 valencia street,bao,37.7635111,-122.4219855,4.5,576,"590 Valencia St, San Francisco, CA 94110, United States",37.7635131,-122.4219389,1134,0,5076
BARRY S MARINA,2,0,0,910,0,0,6/14/2024,0,2246 lombard street,barry s marina,37.7998277,-122.4387809,,,,,,579,0,0
BASA SEAFOOD EXPRESS,7,0,0,0,0,0,9/15/2021,0,3064 24th street,basa seafood express,37.752578,-122.413372,,,,,,1582,0,0
BAYVIEW HP MULTI SERVICE DROP IN CT,3,0,0,0,1,-1,1/6/2022,0,2111 jennings street,bayview hp multi service drop in ct,37.726932,-122.388696,,,,,,1469,0,0
BEANSTALK,3,0,0,0,0,0,7/12/2021,0,724 bush street,beanstalk,37.7902394,-122.4093288,,,,,,1647,0,0
BEIT RIMA,5,0,0,0,0,0,9/17/2021,0,86 carl street,beit rima,37.7659778,-122.4496653,4.4,860,"138 Church St, San Francisco, CA 94114, United States",37.7687245,-122.4292409,1580,0,5260
BEIT RIMA,5,0,0,0,0,0,9/17/2021,0,86 carl street,beit rima,37.7659778,-122.4496653,4.3,601,"86 Carl St, San Francisco, CA 94117, United States",37.7659778,-122.4496653,1580,0,4901
BELLY BURGER,6,0,0,0,0,0,10/5/2021,0,5740 geary boulevard,belly burger,37.7805064,-122.4812344,,,,,,1562,0,0
BESHARAM,4,0,0,0,0,0,8/10/2022,0,1275 minnesota street,besharam,37.7542471,-122.3903999,4,749,"1275 Minnesota St, San Francisco, CA 94107, United States",37.7541873,-122.3897399,1253,0,4749
BIRDSONG,4,0,0,7,0,0,10/5/2021,0,1085 mission street,birdsong,37.7794022,-122.4103967,4.6,448,"1085 Mission St, San Francisco, CA 94103, United States",37.7794452,-122.4104501,1562,0,5048
BLACK HORSE LONDON DELI THE,4,4,1,9.5,0.5,-0.5,4/10/2024,0,1514 union street,black horse london deli the,37.798632,-122.4244575,,,,,,644,0,-10
BLACKWOOD,12,27,2.25,50.5,0.25,-0.25,11/21/2024,0,2150 chestnut street,blackwood,37.800711,-122.4388665,4.4,1388,"2150 Chestnut St, San Francisco, CA 94123, United States",37.8007101,-122.4388058,419,0,5765.5
BLACKWOOD THAI,1,2,2,0,1,-1,2/21/2024,0,2150 chestnut street,blackwood thai,37.800711,-122.4388665,,,,,,693,0,-20
BLACKWOOD THAI CUISINE,6,0,0,0,0,0,6/9/2022,0,2150 chestnut street,blackwood thai cuisine,37.800508,-122.438824,,,,,,1315,0,0
BLEU COFFEE AND TEA,2,0,0,0,0.5,-0.5,7/17/2024,0,2035 union street,bleu coffee and tea,37.797147,-122.4328275,,,,,,546,0,0
BLEU COFFEE TEA,9,9,1,30.666666666666668,0.3333333333333333,-0.333333333,10/30/2024,0,2035 union street,bleu coffee tea,37.797147,-122.4328275,,,,,,441,0,-10
BLUE BARN GOURMET,12,12,1,362.3333333333333,0,0,10/17/2024,0,3344 steiner street,blue barn gourmet,37.8003047,-122.437717,,,,,,454,0,-10
BLUE FOG MARKET,6,12,2,404,0,0,4/22/2024,0,2567 gough street,blue fog market,37.7970802,-122.4273258,,,,,,632,0,-20
BLUE HOUSE CAFE SF,4,0,0,0,0,0,3/24/2022,0,302 randolph street,blue house cafe sf,37.7144818,-122.4655812,,,,,,1392,0,0
BLUE SKY,14,0,0,369,0,0,2/16/2023,0,1504 powell street,blue sky,37.798547,-122.410437,,,,,,1063,0,0
BLUE WHALE RESTAURANT BAR,6,8,1.3333333333333333,2.3333333333333335,0.3333333333333333,-0.333333333,5/2/2024,0,2033 union street,blue whale restaurant bar,37.797147,-122.4328275,,,,,,622,0,-13.33333333
BLUESTONE LANE,14,21,1.5,23.142857142857142,0,0.35714285714285715,11/1/2024,2,3352 steiner street,bluestone lane,37.80045,-122.437575,,,,,,439,0,-15
BOBA GUYS,3,0,0,64,0,0,6/17/2021,0,836 divisadero street 1,boba guys,37.7774899,-122.4379982,,,,,,1672,0,0
BOHO PETIT,4,6,1.5,8,0.5,0,2/7/2025,0,2146 chestnut street,boho petit,37.800729,-122.4386955,,,,,,341,0.065753425,-15
BONITA TAQUERIA Y ROTISSERIE,1,2,2,295,0,0,2/28/2024,0,2257 chestnut street,bonita taqueria y rotisserie,37.800117,-122.4404235,,,,,,686,0,-20
BOSS BAKERY,9,0,0,323,0,0,5/25/2023,0,2516 noriega street,boss bakery,37.7538327,-122.4908305,,,,,,965,0,0
BOSTON MARKET,16,0,0,106.5,0,1,6/16/2023,2,2300 16th street,boston market,37.765708,-122.409002,,,,,,943,0,0
BOTTLE S BITES,1,9,9,0,1,-1,4/7/2025,0,1799 union street,bottle s bites,37.797786,-122.428719,,,,,,282,0.2273972602739726,-90
BOUDIN BAKERY,20,0,0,0,0,0,7/27/2022,0,251 geary street basement macy s,boudin bakery,37.787423,-122.407417,4.5,486,"399 10th Ave, San Francisco, CA 94118, United States",37.7811247,-122.4687325,1267,0,4986
BOULEVARD,3,0,0,0,0,0,12/8/2022,0,1 mission street,boulevard,37.793497,-122.392841,4.6,1661,"1 Mission St, San Francisco, CA 94105, United States",37.7932697,-122.3928679,1133,0,6261
BOWL D ACAI,4,0,0,0,0,0,11/10/2022,0,1958 polk street,bowl d acai,37.7946958,-122.4213341,,,,,,1161,0,0
BRANDY HO S HUNAN FOOD,9,0,0,0,0,1,11/8/2021,1,217 columbus avenue,brandy ho s hunan food,37.797407,-122.405996,,,,,,1528,0,0
BRYAN S,12,0,0,0,0,0,9/19/2022,0,3445 california street,bryan s,37.786703,-122.450877,,,,,,1213,0,0
BUN MEE,56,112,2,29.75,0,0,11/15/2024,0,3330 steiner street,bun mee,37.80018,-122.437521,,,,,,425,0,-20
BURGER KING 5830,4,0,0,0,0,0,1/19/2021,0,245 bayshore boulevard,burger king 5830,37.744062,-122.404475,,,,,,1821,0,0
BURMA LOVE 2,3,0,0,0,0,0,11/8/2022,0,8 mint plaza,burma love 2,37.7829306,-122.4079895,,,,,,1163,0,0
BUS STOP,1,1,1,0,1,-1,4/10/2024,0,1901 union street,bus stop,37.797543,-122.4307215,,,,,,644,0,-10
BUSTER S CHEESE STEAK,12,0,0,210,0,0,4/20/2022,0,366 columbus street,buster s cheese steak,37.7986194,-122.4075046,,,,,,1365,0,0
BUZZWORKS,1,0,0,0,1,-1,8/27/2021,0,365 11th street,buzzworks,37.771307,-122.4129061,,,,,,1601,0,0
CAFE 550,3,0,0,0,0,0,5/4/2023,0,550 15th street,cafe 550,37.7674512,-122.4063277,,,,,,986,0,0
CAFE BROADWAY,7,0,0,0,0,0,12/14/2021,0,674 broadway street,cafe broadway,37.7979802,-122.4082296,,,,,,1492,0,0
CAFE BUNN MI,9,0,0,0,0,0,12/6/2021,0,417 clement street,cafe bunn mi,37.782953,-122.4637,4.3,618,"417 Clement St, San Francisco, CA 94118, United States",37.7828722,-122.4637385,1500,0,4918
CAFE GOURMAND,4,0,0,0,0,0,9/20/2022,0,835 geary street,cafe gourmand,37.7860348,-122.4169416,,,,,,1212,0,0
CAFE LA TAZA,7,0,0,0,0,1,3/30/2023,1,2475a mission,cafe la taza,37.757436,-122.41888,,,,,,1021,0,0
CAFE LE,12,30,2.5,241,0,0,3/12/2024,0,2895 van ness avenue,cafe le,37.802163,-122.424794,,,,,,673,0,-25
CAFE PLUS,1,0,0,0,1,-1,5/21/2024,0,3601 lyons street,cafe plus,37.80417187,-122.4482386,,,,,,603,0,0
CAFE REVEILLE,14,0,0,0,0,0,11/10/2022,0,1998 polk street,cafe reveille,37.794945,-122.4214533,,,,,,1161,0,0
CAFE SUSPIRO,4,0,0,0,0,0,11/10/2022,0,1246 folsom street,cafe suspiro,37.7746,-122.411015,,,,,,1161,0,0
CAFE TROYA FILLMORE,14,0,0,0,1,-1,10/21/2020,0,2125 fillmore street,cafe troya fillmore,37.789404,-122.433954,,,,,,1911,0,0
CAKAR,1,0,0,0,0,0,6/10/2025,0,3030 fillmore street,cakar,37.797561,-122.435325,,,,,,218,0.40273972602739727,0
CALIFORNIA FISH MARKET,10,0,0,0,0,0,4/20/2022,0,550 green street,california fish market,37.7998171,-122.4083243,,,,,,1365,0,0
CALIFORNIA PIZZA KITCHEN INC,5,0,0,0,0,0,8/10/2020,0,53 03rd street,california pizza kitchen inc,37.78678,-122.402535,,,,,,1983,0,0
CALIFORNIA WINE MERCHANT,3,3,1,820,0,0,2/7/2025,0,2113 chestnut street,california wine merchant,37.800534,-122.438217,,,,,,341,0.065753425,-10
CAMINO ALTO,4,0,0,18,0.5,-0.5,5/31/2024,0,1715 union street,camino alto,37.797849,-122.427612,4.6,400,"1715 Union St, San Francisco, CA 94123, United States",37.7979581,-122.427614,593,0,5000
CAMPUS,4,0,0,5,0.5,-0.5,5/30/2025,0,2241 chestnut street,campus,37.800036,-122.4402165,,,,,,229,0.3726027397260274,0
CARMELINA S,3,0,0,0,0,0,4/19/2023,0,1855 folsom street,carmelina s,37.767664,-122.415456,,,,,,1001,0,0
CAUSWELLS,8,20,2.5,392.5,0,0,12/4/2024,0,2346 chestnut street,causwells,37.8002501,-122.4419978,4.3,920,"2346 Chestnut St, San Francisco, CA 94123, United States",37.8003429,-122.4420181,406,0,5195
CHA YA,3,0,0,0,0,0,4/19/2023,0,762 valencia street,cha ya,37.760777,-122.421505,,,,,,1001,0,0
CHAIYA THAI,4,0,0,0,0,0,9/13/2022,0,272 claremont boulevard,chaiya thai,37.7410872,-122.4650679,,,,,,1219,0,0
CHARLES CHOCOLATES,3,0,0,414,0,0,6/24/2022,0,2650 18th street,charles chocolates,37.7621342,-122.4089639,,,,,,1300,0,0
CHERRY BLOSSOM BAKERY,6,0,0,0,0,0,1/25/2022,0,844 clement street,cherry blossom bakery,37.782778,-122.468341,4.3,146,"844 Clement St, San Francisco, CA 94118, United States",37.7828956,-122.4684265,1450,0,4446
CHESTNUT DINER,18,24,1.3333333333333333,364.3333333333333,0,0,2/12/2025,0,1312 chestnut street,chestnut diner,37.8023767,-122.4251545,,,,,,336,0.079452055,-13.33333333
CHESTNUT STREET COFFEE ROASTERY,12,16,1.3333333333333333,265.6666666666667,0,0,8/15/2024,0,2331 chestnut street,chestnut street coffee roastery,37.79984,-122.4417344,,,,,,517,0,-13.33333333
CHEVRON STATIONS INC 1712,1,0,0,0,1,-1,1/24/2025,0,1790 lombard street,chevron stations inc 1712,37.800765,-122.430924,,,,,,355,0.02739726,0
CHICO S PIZZA,3,0,0,0,0,0,9/13/2022,0,131 06th street,chico s pizza,37.780747,-122.4081357,,,,,,1219,0,0
CHICOS PIZZA,4,4,1,720,0,0,11/5/2024,0,1434 lombard street,chicos pizza,37.80155,-122.4253055,,,,,,435,0,-10
CHIEFTAIN IRISH PUB THE,2,0,0,0,0,0,11/14/2022,0,198 05th street,chieftain irish pub the,37.781567,-122.405059,,,,,,1157,0,0
CHIPOTLE MEXICAN GRILL 1566,8,0,0,0,0,0,9/19/2022,0,50 california street,chipotle mexican grill 1566,37.7940821,-122.39741,,,,,,1213,0,0
CHOPSTICKS,5,0,0,0,0,2,7/12/2021,2,4615 mission street,chopsticks,37.7243666,-122.4347648,,,,,,1647,0,0
CHRISTA MARKET,10,0,0,179,0,0,11/8/2022,0,1926 broderick street,christa market,37.7886161,-122.4420129,,,,,,1163,0,0
CHRISTOPHER ELBOW CHOCOLATES,5,0,0,373,0,0,10/28/2021,0,401 hayes street,christopher elbow chocolates,37.7767029,-122.4231847,4.6,291,"401 Hayes St, San Francisco, CA 94102, United States",37.7767756,-122.4231051,1539,0,4891
CHUBBY NOODLE,18,0,0,0,0,0.5,9/7/2021,1,570 green street,chubby noodle,37.7997609,-122.4085676,,,,,,1590,0,0
CHUG PUB,8,0,0,0,0,0,4/14/2022,0,1849 lincoln way,chug pub,37.765384,-122.478129,,,,,,1371,0,0
CITY SUPER,10,0,0,8,0,0,6/30/2021,0,1108 stockton street,city super,37.7960781,-122.4080825,,,,,,1659,0,0
CLOONEY S,4,0,0,0,0,1,1/14/2021,1,1401 valencia street,clooney s,37.750374,-122.420456,,,,,,1826,0,0
COCHINITA,21,1,0.047619047619047616,170.23809523809524,0,0,1/7/2025,0,500 marina boulevard,cochinita,37.8058716,-122.4424246,,,,,,372,0,-0.476190476
COCHINITA 2,1,0,0,0,1,-1,3/28/2024,0,2 marina boulevard fort mason,cochinita 2,37.806534,-122.427806,,,,,,657,0,0
COFFEE BODEGA,9,9,1,49,0,0,1/3/2025,0,2201 union street,coffee bodega,37.796922,-122.435703,,,,,,376,0,-10
CONGREGATION ADATH ISRAEL,2,0,0,0,0,0,11/8/2022,0,1851 noriega street,congregation adath israel,37.7536667,-122.4837906,,,,,,1163,0,0
CONGREGATION SHERITH ISRAEL,4,0,0,441,0,0,10/18/2022,0,2266 california street,congregation sherith israel,37.789225,-122.431643,,,,,,1184,0,0
CORSAGNA ITALIAN FRENCH BAKERY,1,0,0,0,1,-1,3/14/2024,0,1668 union street,corsagna italian french bakery,37.798452,-122.4268065,,,,,,671,0,0
CORX WINE,3,0,0,253,0,0,6/30/2022,0,3240 geary boulevard,corx wine,37.7818633,-122.4539139,,,,,,1294,0,0
COTE OUEST BISTRO,64,56,0.875,116.375,0,0,1/28/2025,0,2953 baker street,cote ouest bistro,37.798338,-122.4460913,,,,,,351,0.038356164383561646,-8.75
COUSINS MAINE LOBSTER,2,0,0,0,0,0,8/24/2022,0,601 mission bay boulevard n,cousins maine lobster,37.7707779,-122.3914399,,,,,,1239,0,0
CRAB HOUSE,2,0,0,7,0,0,11/9/2022,0,pier 39 213,crab house,37.8096632,-122.4102547,,,,,,1162,0,0
CRACKED BATTERED,3,6,2,160,0,0,8/21/2024,0,2240 chestnut street,cracked battered,37.8004655,-122.4402056,,,,,,511,0,-20
CRAZY PEPPER,12,0,0,129.5,0,0.5,7/26/2022,0,2257 san jose avenue,crazy pepper,37.7208369,-122.4460824,,,,,,1268,0,0
CREIGHTON S BAKERY,3,0,0,0,0,0,6/8/2022,0,5214 diamond heights boulevard,creighton s bakery,37.7437254,-122.4399407,,,,,,1316,0,0
CROSTINI AND JAVA,6,0,0,0,0,0,11/8/2022,0,899 hyde street,crostini and java,37.7889819,-122.4171572,,,,,,1163,0,0
CRUNCH,1,0,0,0,1,-1,4/30/2024,0,2324 chestnut street,crunch,37.800396,-122.44176,,,,,,624,0,0
CULTIVAR SAN FRANCISCO,9,8,0.8888888888888888,143.66666666666666,0,1.5555555555555556,3/21/2025,0,2379 chestnut street street,cultivar san francisco,37.80000806,-122.4424453,,,,,,299,0.18082191780821918,-8.888888889
CUP A JOE COFFEHAUS,3,0,0,0,1,-1,8/10/2020,0,896 sutter street,cup a joe coffehaus,37.7886251,-122.4150795,,,,,,1983,0,0
CURVEBALL 2,1,0,0,0,0,0,3/23/2022,0,601 misson bay boulevard,curveball 2,37.7707491,-122.3916769,,,,,,1393,0,0
DAD SONS MARKET,4,8,2,8.5,0.5,0,2/7/2025,0,3218 fillmore street,dad sons market,37.799199,-122.4357885,,,,,,341,0.065753425,-20
DAILY DRIVER UNION,4,6,1.5,23,0.5,-0.5,3/26/2024,0,1977 b union street,daily driver union,37.79753167,-122.4318505,,,,,,659,0,-15
DANCING YAK,20,0,0,0,0,1.5,4/24/2023,1,280 valencia street,dancing yak,37.7685083,-122.4225439,,,,,,996,0,0
DANDELION CHOCOLATE,12,3,0.25,34.5,0,0,2/5/2025,0,1837 union street,dandelion chocolate,37.797561,-122.4295695,4.7,2648,"740 Valencia St, San Francisco, CA 94110, United States",37.7610131,-122.4216951,343,0.060273973,7345.5
DANDELION CHOCOLATE,12,3,0.25,34.5,0,0,2/5/2025,0,1837 union street,dandelion chocolate,37.797561,-122.4295695,4.5,171,"1 Ferry Building Shop 14, San Francisco, CA 94111, United States",37.79579349999999,-122.3938028,343,0.060273973,4668.5
DECCAN HOUSE,20,0,0,0,0.5,0.5,6/14/2021,2,1142 valencia street,deccan house,37.7546349,-122.4211448,4,528,"1142 Valencia St, San Francisco, CA 94110, United States",37.7546383,-122.4211448,1675,0,4528
DELANCEY ST,5,0,0,15,0,0,11/18/2020,0,600 embarcadero street,delancey st,37.783884,-122.388295,,,,,,1883,0,0
DELAROSA,28,30,1.0714285714285714,28.071428571428573,0.2857142857142857,-0.285714286,2/28/2025,0,2175 chestnut street,delarosa,37.800414,-122.439127,,,,,,320,0.1232876712328767,-10.71428571
DELICIOUS DIM SUM,16,0,0,0,0,0,4/25/2023,0,752 jackson street,delicious dim sum,37.7961783,-122.4075701,4.4,523,"752 Jackson St, San Francisco, CA 94133, United States",37.79601419999999,-122.407539,995,0,4923
DELILAH S LOW PROOF COCKTAIL WINE BAR,48,78,1.625,22.25,0.125,-0.125,11/15/2024,0,2336 chestnut street,delilah s low proof cocktail wine bar,37.800387,-122.4419895,,,,,,425,0,-16.25
DEVILS TEETH INC,5,0,0,0,1,-1,9/23/2020,0,3619 balboa street,devils teeth inc,37.7755224,-122.4977012,,,,,,1939,0,0
DIANDA S ITAL AMER PASTRY CO,8,0,0,220.5,0,0,1/6/2022,0,2883 mission street,dianda s ital amer pastry co,37.750959,-122.418264,,,,,,1469,0,0
DIM SUM BISTRO,4,0,0,0,0,0,10/5/2022,0,675 broadway street,dim sum bistro,37.7975019,-122.4081675,4.2,580,"675 Broadway, San Francisco, CA 94133, United States",37.7975803,-122.4081677,1197,0,4780
DOMINO S 8421,8,0,0,7,0,0,1/19/2021,0,5200 geary boulevard,domino s 8421,37.7807121,-122.4750029,,,,,,1821,0,0
DOPPIO ZERO,11,0,0,0,0,0,6/23/2021,0,395 hayes street,doppio zero,37.7768119,-122.4228144,,,,,,1666,0,0
DRAGON RIVER,7,0,0,0,0,0,2/21/2023,0,5045 geary boulevard,dragon river,37.780523,-122.47358,,,,,,1058,0,0
DRAGON WELL,21,28,1.3333333333333333,254.33333333333334,0,0,10/17/2024,0,2142 chestnut street,dragon well,37.800528,-122.438664,4.2,329,"2142 Chestnut St, San Francisco, CA 94123, United States",37.80064,-122.4386477,454,0,4515.666666666667
DRAGONEATS,4,0,0,0,0,0,5/24/2021,1,555 folsom street,dragoneats,37.786381,-122.3953683,4.7,450,"520 Gough St, San Francisco, CA 94102, United States",37.7783702,-122.4231862,1696,0,5150
DRAGONEATS,4,0,0,0,0,0,5/24/2021,1,555 folsom street,dragoneats,37.786381,-122.3953683,4.6,410,"1671 Haight St, San Francisco, CA 94117, United States",37.769511,-122.4501151,1696,0,5010
DUC LOI SUPERMARKET,4,0,0,0,0,1,9/1/2020,1,2200 mission street,duc loi supermarket,37.761637,-122.419385,,,,,,1961,0,0
DUMPLING HOME,6,0,0,7,0,0,9/20/2022,0,298 gough street,dumpling home,37.7757832,-122.4226361,4.6,1491,"298 Gough St, San Francisco, CA 94102, United States",37.7758205,-122.4226361,1212,0,6091
DUMPLING UNION,2,8,4,193,0,0,11/5/2024,0,1809 union street,dumpling union,37.797808,-122.4292,,,,,,435,0,-40
DYNAMO KIOSK,4,0,0,43,0.5,-0.5,2/21/2025,0,110 yacht road,dynamo kiosk,37.806543,-122.447268,,,,,,327,0.10410958904109589,0
DYNANO DONUT AND COFFEE,2,0,0,0,0.5,-0.5,6/6/2025,0,110 yacht road,dynano donut and coffee,37.806543,-122.447268,,,,,,222,0.3917808219178082,0
EARL OF SANDWICH,8,0,0,359,0,0,4/7/2023,0,213 king street,earl of sandwich,37.7776223,-122.3920148,,,,,,1013,0,0
EARTHBAR CHESTNUT,4,4,1,306,0,0,11/15/2024,0,2234 chesnut street,earthbar chestnut,37.80036729,-122.440048,,,,,,425,0,-10
EARTHBAR UNION ST,1,2,2,0,1,-1,8/14/2024,0,2055 union street,earthbar union st,37.79712,-122.433084,,,,,,518,0,-20
EDDIE S,18,0,0,206,0,0,11/29/2021,0,800 divisadero street,eddie s,37.7770622,-122.4379846,,,,,,1507,0,0
EDGEWOOD CHILDREN S CENTER,6,0,0,147,0,0,3/30/2023,0,1801 vicente street,edgewood children s center,37.739083,-122.485437,,,,,,1021,0,0
EL BURRITO EXPRESS 2,11,0,0,0,0,1,11/30/2021,1,1812 divisadero street,el burrito express 2,37.786407,-122.440057,,,,,,1506,0,0
EL CAPITAN TAQUERIA 4,10,0,0,0,0,1,8/23/2022,1,1725 polk street,el capitan taqueria 4,37.7927954,-122.4213895,,,,,,1240,0,0
EL CASTILLITO TAQUERIA INC,4,0,0,0,0,0,9/30/2021,0,136 church street,el castillito taqueria inc,37.768776,-122.429095,,,,,,1567,0,0
EL CASTILLITO TAQUERIA STAR,8,0,0,0,0,0,10/21/2020,0,250 golden gate avenue,el castillito taqueria star,37.781788,-122.414704,,,,,,1911,0,0
EL LOPO,3,0,0,0,1,-1,6/3/2021,0,1327 polk street,el lopo,37.7890509,-122.4205784,4.7,333,"1327 Polk St, San Francisco, CA 94109, United States",37.7890547,-122.4205325,1686,0,5033
EL PARAISO,8,0,0,0,0,0,11/3/2021,0,1198 treat avenue,el paraiso,37.7510645,-122.4129829,,,,,,1533,0,0
EL PORTENO 1,6,0,0,9,0,1,6/2/2022,0,5173 mission street,el porteno 1,37.7158525,-122.4411418,,,,,,1322,0,0
ELIZA S,4,0,0,0,0,0,6/21/2021,0,2877 california street,eliza s,37.787884,-122.441657,,,,,,1668,0,0
EMMITA S,2,0,0,0,0,0,3/6/2023,0,1635 divisadero street 145,emmita s,37.7845754,-122.4400886,,,,,,1045,0,0
EVERETT MIDDLE SCHOOL,13,0,0,161,0,0,3/10/2023,0,450 church street,everett middle school,37.763794,-122.428617,,,,,,1041,0,0
FACEBOOK,1,0,0,0,1,-1,9/21/2022,0,250 howard street 27th fl,facebook,37.7902773,-122.3941453,,,,,,1211,0,0
FANCY WHEATFIELD BAKERY,7,0,0,0,0,0,3/8/2023,0,1362 stockton street,fancy wheatfield bakery,37.7984886,-122.4086339,,,,,,1043,0,0
FIFTH ST CAFE CORPORATION,2,0,0,0,0,0,11/8/2022,0,155 5th street,fifth st cafe corporation,37.7821229,-122.4054616,,,,,,1163,0,0
FIORELLA,7,0,0,161,0,0,1/25/2022,0,2339 clement street,fiorella,37.7818464,-122.4845121,,,,,,1450,0,0
FIORELLA SUNSET,3,0,0,0,0,0,1/18/2022,0,1240 09th avenue,fiorella sunset,37.7651584,-122.4661957,4.5,438,"1240 9th Ave, San Francisco, CA 94122, United States",37.76515430000001,-122.4662769,1457,0,4938
FIREFLY INC,2,0,0,0,0,0,10/20/2020,0,4288 24th street,firefly inc,37.751068,-122.438242,,,,,,1912,0,0
FIRST CUP,4,8,2,1022,0,0,12/10/2024,0,2911 van ness avenue,first cup,37.802454,-122.424854,,,,,,400,0,-20
FISH N GARI,5,0,0,0,0,0,5/9/2023,0,1718 polk street,fish n gari,37.792577,-122.421016,,,,,,981,0,0
FLORES,4,12,3,1076,0,0,12/30/2024,0,2030 union street,flores,37.7976753,-122.4327034,,,,,,380,0,-30
FOGHORN TAPROOM,7,0,0,22,0,0,8/23/2022,0,534 irving street,foghorn taproom,37.7643268,-122.4637301,,,,,,1240,0,0
FOGO DE CHAO,5,0,0,250,0,0,2/21/2023,0,201 03rd street 100,fogo de chao,37.7850918,-122.4001373,,,,,,1058,0,0
FOLSOM STREET FOUNDRY,1,0,0,0,1,-1,9/15/2021,0,1425 folsom street,folsom street foundry,37.7722963,-122.4129303,,,,,,1582,0,0
FOODS CO 351,4,0,0,0,0,0,1/20/2021,0,345 williams avenue,foods co 351,37.730164,-122.399114,,,,,,1820,0,0
FOODS CO 357,12,0,0,0,0,2,4/19/2023,2,1800 folsom street,foods co 357,37.767907,-122.415584,,,,,,1001,0,0
FOR THE RECORD,1,2,2,0,1,-1,9/18/2024,0,2120 greenwich street,for the record,37.799217,-122.435496,,,,,,483,0,-20
FORT MASON MARKET AND DELI,3,3,1,806,0,0,3/21/2024,0,1701 greenwich street,fort mason market and deli,37.79983660000001,-122.4278302,,,,,,664,0,-10
FOXTAIL CATERING EVENTS,3,0,0,371,0,0,3/24/2022,0,2565 03rd street 310,foxtail catering events,37.7569896,-122.3876869,,,,,,1392,0,0
FRANKLIN MARKET,3,3,1,862,0,0,3/15/2024,0,2836 franklin street,franklin market,37.8007158,-122.42591,,,,,,670,0,-10
FRESH MEAT SEAFOOD MARKET,7,0,0,0,0,0,7/26/2022,0,2704 mission street,fresh meat seafood market,37.7536369,-122.4188108,,,,,,1268,0,0
FRONT CAFE,5,0,0,42,0,0,1/27/2022,0,498 alabama street,front cafe,37.7631299,-122.4124105,,,,,,1448,0,0
FUEL 24 7 LOMBARD,1,0,0,0,1,-1,1/13/2025,0,2601 lombard street,fuel 24 7 lombard,37.798569,-122.444559,,,,,,366,0,0
FUNG WONG SF,10,0,0,0,0,1,3/9/2023,1,2500 noriega street,fung wong sf,37.7538562,-122.4907045,3.7,191,"2500 Noriega St, San Francisco, CA 94122, United States",37.7538562,-122.4907045,1042,0,3891
GARDEN BAKERY,20,0,0,0,0,0,9/19/2022,0,765 jackson street,garden bakery,37.795835,-122.407828,,,,,,1213,0,0
GATEWAY CROISSANTS,10,0,0,510,0,0,6/9/2022,0,390 golden gate avenue,gateway croissants,37.781518,-122.416982,,,,,,1315,0,0
GHIRARDELLI CHOCOLATE,2,0,0,0,0,0,1/25/2022,0,2 new montgomery street,ghirardelli chocolate,37.7884057,-122.4021162,,,,,,1450,0,0
GHIRARDELLI CHOCOLATE MARKETPLACE,1,0,0,0,1,-1,5/20/2021,0,900 north point street 301,ghirardelli chocolate marketplace,37.8058305,-122.4230122,,,,,,1700,0,0
GIANNINI MIDDLE SCHOOL,8,0,0,0,1,-1,7/29/2020,0,3151 ortega street,giannini middle school,37.751406,-122.497233,,,,,,1995,0,0
GINTO EXPRESS,4,0,0,197,0,0,6/23/2022,0,90 charter oak avenue k6,ginto express,37.7368189,-122.405298,,,,,,1301,0,0
GIO GELATI,4,4,1,379.5,0,0,3/29/2024,0,1998 union street unit,gio gelati,37.79770199,-122.432072,,,,,,656,0,-10
GLADSTONE MARKET,5,0,0,0,0,0,8/6/2021,0,678 eddy street,gladstone market,37.783186,-122.41882,,,,,,1622,0,0
GNC,1,1,1,0,1,-1,1/22/2025,0,2172 chestnut street,gnc,37.800648,-122.439195,,,,,,357,0.021917808219178082,-10
GO GO 7,4,0,0,0,0,0,10/21/2020,0,1201 plymouth avenue,go go 7,37.7243363,-122.4566512,,,,,,1911,0,0
GOLDEN GATE MARKET,8,16,2,501,0,0,9/13/2024,0,2767 lombard street,golden gate market,37.7983696,-122.4469727,,,,,,488,0,-20
GOLDEN GATE YACHT CLUB,1,5,5,1029,0,0,5/17/2024,0,one yacht road,golden gate yacht club,37.80783,-122.4424845,,,,,,607,0,-50
GOOD MONGKOK BAKERY,9,0,0,287,0,0,11/30/2021,0,1039 stockton street,good mongkok bakery,37.795455,-122.408356,,,,,,1506,0,0
GOODFELLAS PIZZERIA GRILL,4,0,0,0,0,0,2/6/2023,0,377 bay street a,goodfellas pizzeria grill,37.8055163,-122.4131286,,,,,,1073,0,0
GORDO TAQUERIA 1,8,0,0,193,0,0,7/20/2021,0,2252 clement street,gordo taqueria 1,37.782107,-122.483631,,,,,,1639,0,0
GOTT S ROADSIDE MISSION BAY,8,0,0,0,1,-1,9/14/2021,0,151 warriors way 102 3,gott s roadside mission bay,37.76854549999999,-122.3885853,,,,,,1583,0,0
GOURMET DIM SUM,9,0,0,0,1,-1,10/14/2020,0,651 clement street,gourmet dim sum,37.782823,-122.466359,,,,,,1918,0,0
GRANT PLACE,7,0,0,0,0,0,11/30/2021,0,737 washington street,grant place,37.795166,-122.405924,,,,,,1506,0,0
GREEN BAR,3,0,0,174,0,1,10/18/2022,0,3 embarcadero center lobby level,green bar,37.7948167,-122.397348,,,,,,1184,0,0
GREEN ISLAND,10,0,0,0,0,0,7/13/2020,0,4012 geary boulevard,green island,37.781208,-122.462432,,,,,,2011,0,0
GUCKENHEIMER TWITCH BREAKROOM FLOORS 2 4 5,2,0,0,0,1,-1,6/9/2022,0,350 bush street 200,guckenheimer twitch breakroom floors 2 4 5,37.7915303,-122.403408,,,,,,1315,0,0
GUS S COMMUNITY MARKET,4,0,0,103,0,0,6/8/2022,0,1101 4th street,gus s community market,37.7743203,-122.3902062,,,,,,1316,0,0
HA TEA,10,0,0,0,0,2,4/26/2022,2,1170 powell street,ha tea,37.7955507,-122.409672,,,,,,1359,0,0
HAI KY MI GIA,2,0,0,0,0,0,1/22/2021,0,707 ellis street,hai ky mi gia,37.784193,-122.417967,4.5,651,"707 Ellis St, San Francisco, CA 94109, United States",37.7841111,-122.41797,1818,0,5151
HALAL PROJECT,4,10,2.5,10.5,0.5,0,11/20/2024,0,3006 buchanan street,halal project,37.797705,-122.432085,,,,,,420,0,-25
HANG AH TEA ROOM,6,0,0,48,0,1,4/26/2022,0,1 pagoda place,hang ah tea room,37.7933773,-122.4073616,3.9,606,"1 Pagoda Pl, San Francisco, CA 94108, United States",37.7933773,-122.4073616,1359,0,4506
HAPPY DONUTS,10,0,0,0,0,0.5,7/21/2021,1,2600 bayshore boulevard,happy donuts,37.7088248,-122.4054826,4.4,608,"3801 24th St, San Francisco, CA 94114, United States",37.7515682,-122.4276447,1638,0,5008
HAPPY DONUTS,10,0,0,0,0,0.5,7/21/2021,1,2600 bayshore boulevard,happy donuts,37.7088248,-122.4054826,4.6,139,"299 Ellis St, San Francisco, CA 94102, United States",37.785007,-122.4110109,1638,0,4739
HAPPY DONUTS,10,0,0,0,0,0.5,7/21/2021,1,2600 bayshore boulevard,happy donuts,37.7088248,-122.4054826,4.4,245,"2600 Bayshore Blvd #2602, San Francisco, CA 94134, United States",37.7088095,-122.4054043,1638,0,4645
HAPPY LAMB HOT POT,5,0,0,384,0,0,12/6/2021,0,405 mason street,happy lamb hot pot,37.7873621,-122.4101028,,,,,,1500,0,0
HAPPY LEMON,5,0,0,0,0,0,10/17/2022,0,425 mission street 105,happy lemon,37.7880758,-122.3984825,,,,,,1185,0,0
HAPPY POKE,4,0,0,6,0.5,-0.5,2/5/2025,0,2760 octavia street,happy poke,37.797624,-122.428647,,,,,,343,0.060273973,0
HARRIS,7,0,0,133,0,0,11/9/2022,0,2100 van ness avenue,harris,37.795058,-122.423147,,,,,,1162,0,0
HARVEY S PLACE,5,0,0,0,0,0,10/21/2020,0,330 05th street,harvey s place,37.7797348,-122.403123,,,,,,1911,0,0
HD RICE NOODLES,5,0,0,0,0,0,7/8/2021,0,1395 noriega street,hd rice noodles,37.7539467,-122.4784563,,,,,,1651,0,0
HELLO SANDWICH NOODLE,7,0,0,0,1,-1,1/20/2021,0,426 larkin street,hello sandwich noodle,37.7818766,-122.4171141,,,,,,1820,0,0
HIMALAYAN PIZZA MOMO,6,0,0,0,0,0,1/17/2023,2,288 golden gate avenue,himalayan pizza momo,37.781927,-122.4153724,,,,,,1093,0,0
HINA YAKITORI,3,0,0,210,0,0,2/2/2023,0,808 divisadero street,hina yakitori,37.7771297,-122.4380118,,,,,,1077,0,0
HING YUAN,6,0,0,0,0,0,4/20/2022,0,1433 taraval street,hing yuan,37.7426207,-122.4816691,,,,,,1365,0,0
HINODEYA RAMEN BAR DOWNTOWN,10,0,0,0,0,0,9/27/2022,0,680 clay street,hinodeya ramen bar downtown,37.7946079,-122.4044835,,,,,,1205,0,0
HINODEYA RAMEN CHESTNUT,6,12,2,77,0.3333333333333333,-0.333333333,3/13/2025,0,3340 steiner street,hinodeya ramen chestnut,37.800243,-122.4375345,,,,,,307,0.1589041095890411,-20
HINODEYA RAMEN UNION SQUARE,1,0,0,0,1,-1,11/10/2022,0,219 o farrell street,hinodeya ramen union square,37.7862056,-122.4084801,4.6,1777,"219 O'Farrell St, San Francisco, CA 94102, United States",37.7862741,-122.4085169,1161,0,6377
HISSHO SUSHI,1,0,0,0,1,-1,5/2/2023,0,801 font boulevard,hissho sushi,37.7222608,-122.4829776,,,,,,988,0,0
HOLLYWOOD,2,0,0,0,0,1,6/9/2022,1,530 north point street,hollywood,37.806337,-122.415814,,,,,,1315,0,0
HOME PLATE,24,90,3.75,210,0,0.25,8/28/2024,0,2150 lombard street,home plate,37.8000325,-122.4371946,4.3,1361,"2150 Lombard St, San Francisco, CA 94123, United States",37.8000407,-122.4371697,504,0,5623.5
HON S WUN TUN HOUSE,6,0,0,105,0,0,8/24/2022,0,733 washington street,hon s wun tun house,37.7950328,-122.4060592,,,,,,1239,0,0
HONEY BEAR BOBA,4,0,0,0,0,0,5/17/2022,0,801 22nd street,honey bear boba,37.7577596,-122.3894792,,,,,,1338,0,0
HONG KONG,6,0,0,0,0,2,3/13/2023,2,2728 san bruno avenue,hong kong,37.727159,-122.403452,,,,,,1038,0,0
HONG KONG LOUNGE,17,0,0,0,0,1,6/8/2021,1,5322 geary boulevard,hong kong lounge,37.7807025,-122.4766515,4.2,1596,"5322 Geary Blvd, San Francisco, CA 94121, United States",37.7806459,-122.4766265,1681,0,5796
HOT POT ISLAND,6,0,0,21,0,0,5/7/2021,0,5512 geary boulevard,hot pot island,37.7805825,-122.478699,,,,,,1713,0,0
HOUSE OF HUNAN,5,0,0,0,1,-1,11/18/2020,0,2 townsend street,house of hunan,37.757923,-122.393914,,,,,,1883,0,0
HOWELLS,1,1,1,962,0,0,5/30/2025,0,2373 chestnut street,howells,37.799802,-122.4423315,,,,,,229,0.3726027397260274,-10
HUNAN EMPIRE,3,3,1,651,0,0,1/13/2025,0,2001 union street 107,hunan empire,37.7971842,-122.4324862,,,,,,366,0,-10
HWA LEI MARKET,3,0,0,13,0,0,11/30/2021,0,2970 a 16th street,hwa lei market,37.774722,-122.406761,,,,,,1506,0,0
IL BORGO,2,0,0,0,0,0,9/16/2021,0,500 fell street,il borgo,37.775538,-122.426264,,,,,,1581,0,0
IL CASARO PIZZERIA MOZZARELLA BAR,1,3,3,469,0,0,8/21/2024,0,2136 union street,il casaro pizzeria mozzarella bar,37.797498,-122.434578,,,,,,511,0,-30
ILANA,6,0,0,0,1,-1,9/24/2020,0,2314 clement street,ilana,37.782078,-122.484171,,,,,,1938,0,0
IMPERIAL PALACE,14,0,0,0,0,2,11/14/2022,2,818 washington street,imperial palace,37.795138,-122.406863,,,,,,1157,0,0
INDIGO,2,0,0,0,0.5,-0.5,3/21/2025,0,3321 steiner street,indigo,37.800027,-122.4380745,,,,,,299,0.18082191780821918,0
IRELANDS 32,4,0,0,0,0,0,4/28/2023,0,3920 geary boulevard,irelands 32,37.781278,-122.461312,,,,,,992,0,0
IRMA S PAMPANGA,5,0,0,0,0,0,3/29/2023,0,2901 16th street,irma s pampanga,37.7649934,-122.4177321,,,,,,1022,0,0
IRVING SUBS,6,0,0,0,0,0,9/27/2022,0,1298 12th avenue,irving subs,37.7640659,-122.4693798,,,,,,1205,0,0
ISA,3,9,3,1073,0,0,6/6/2025,0,3324 steiner street,isa,37.800106,-122.4375015,,,,,,222,0.3917808219178082,-30
ISABELLA S TAQUERIA,2,0,0,0,0,0,9/28/2022,0,3263 mission street,isabella s taqueria,37.7445438,-122.4203001,,,,,,1204,0,0
IZAKAYA YOKI,5,0,0,0,0,0,6/23/2022,0,900 bush street,izakaya yoki,37.7898872,-122.4126587,,,,,,1301,0,0
IZZYS STEAK CHOP HOUSE,20,88,4.4,50.8,0.2,-0.2,1/24/2025,0,3345 steiner street,izzys steak chop house,37.80027,-122.438025,,,,,,355,0.02739726,-44
J B S PLACE,3,0,0,8,0,0,3/30/2023,0,1435 17th street,j b s place,37.765003,-122.398084,,,,,,1021,0,0
J J FISH CHICKEN,5,0,0,0,0,0,3/30/2023,0,5100 03rd street,j j fish chicken,37.732443,-122.391682,,,,,,1021,0,0
J M A 1 CAFE RESTAURANT,18,0,0,21.5,0,0,7/30/2021,0,779 clay street,j m a 1 cafe restaurant,37.794293,-122.405967,,,,,,1629,0,0
JACK IN THE BOX 558,9,0,0,301,0,0,2/16/2023,0,4649 geary boulevard,jack in the box 558,37.780713,-122.469299,,,,,,1063,0,0
JAKE S STEAKS,54,54,1,120.66666666666667,0,0,6/13/2025,1,3301 buchanan street,jake s steaks,37.8004953,-122.432995,,,,,,215,0.410958904,-10
JAMBA JUICE,7,0,0,37.285714285714285,0,0,11/5/2021,0,152 kearny street,jamba juice,37.7896384,-122.4036556,,,,,,1531,0,0
JIN MI BBQ TOFU,5,0,0,0,0,0,1/20/2021,0,366 golden gate avenue,jin mi bbq tofu,37.7818371,-122.4166946,,,,,,1820,0,0
JOE THE JUICE,6,0,0,0,0,1,4/7/2023,1,1155 4th street,joe the juice,37.7732472,-122.3909751,,,,,,1013,0,0
JOEY AND PAT S BAKERY COFFEE,4,0,0,0,0,0,10/12/2021,0,2499 folsom street,joey and pat s bakery coffee,37.7574554,-122.414318,,,,,,1555,0,0
JOHN S GRILL,5,0,0,303,0,0,4/14/2022,1,63 ellis street,john s grill,37.7854445,-122.407194,,,,,,1371,0,0
JOYRIDE PIZZA,33,72,2.1818181818181817,30.424242424242426,0,0,1/3/2025,0,2055 union street,joyride pizza,37.79712,-122.433084,,,,,,376,0,-21.81818182
KABABAYAN FAST FOOD,7,0,0,0,0,0,7/6/2022,0,2706 mission street,kababayan fast food,37.753691,-122.418657,,,,,,1288,0,0
KAHNFECTIONS,7,0,0,425,0,0,9/27/2022,1,3321 20th street,kahnfections,37.7587457,-122.4152201,4.7,368,"3321 20th St, San Francisco, CA 94110, United States",37.7587707,-122.4152539,1205,0,5068
KAM LOK,10,0,0,0,0,0,9/19/2022,1,834 washington street,kam lok,37.795118,-122.407083,,,,,,1213,0,0
KANTINE,6,0,0,550,0,0,9/14/2021,0,1906 market street,kantine,37.7706016,-122.4253668,4.6,903,"1906 Market St, San Francisco, CA 94102, United States",37.7706034,-122.425375,1583,0,5503
KAWASHIMA S KITCHEN,3,0,0,0,0,0,9/27/2022,0,5800 3rd street c1001,kawashima s kitchen,37.7254277,-122.3945778,,,,,,1205,0,0
KAYMA FOODS INC DBA KAYMA,1,0,0,0,1,-1,3/28/2024,0,2 marina boulevard bldg c,kayma foods inc dba kayma,37.805508,-122.4319545,,,,,,657,0,0
KHOB KHUN THAI CUISINE BREAKFAST,5,0,0,0,0,0,4/27/2023,0,3741 geary boulevard,khob khun thai cuisine breakfast,37.7809632,-122.459617,,,,,,993,0,0
KING LEE S CHINESE,7,0,0,412,0,1,5/3/2022,1,1426 fillmore street a,king lee s chinese,37.7828241,-122.4323695,,,,,,1352,0,0
KINGDOM OF DUMPLING,11,0,0,0,0,0,5/25/2023,0,1713 taraval street,kingdom of dumpling,37.742473,-122.4846469,4.4,269,"1713 Taraval St, San Francisco, CA 94116, United States",37.7424786,-122.4846451,965,0,4669
KISS MY SEOUL,6,0,0,0,0,0,10/5/2021,0,1080 howard street,kiss my seoul,37.7784654,-122.4090386,4.7,144,"15 Boardman Pl, San Francisco, CA 94103, United States",37.7749608,-122.403297,1562,0,4844
KITAVA,6,0,0,0,0,0,11/30/2021,0,2011 mission street,kitava,37.7647695,-122.4194823,4.5,636,"2011 Mission St, San Francisco, CA 94110, United States",37.7647695,-122.4194823,1506,0,5136
KITCHEN STORY,8,0,0,0,0,0,10/21/2020,0,3499 16th street,kitchen story,37.764225,-122.4306961,4.4,2680,"3499 16th St, San Francisco, CA 94114, United States",37.7642741,-122.4307241,1911,0,7080
KOLAJ,1,0,0,0,1,-1,4/25/2025,0,1977 union street,kolaj,37.797354,-122.4316575,,,,,,264,0.27671232876712326,0
KOMEYA NO BENTO,9,27,3,115.33333333333333,0.3333333333333333,-0.333333333,2/21/2025,0,3137 laguna street,komeya no bento,37.800081,-122.431356,,,,,,327,0.10410958904109589,-30
KOPIKU COFFEE BY BEANEKA ROASTERY,1,5,5,0,1,-1,2/12/2025,0,1443 lombard street,kopiku coffee by beaneka roastery,37.800927,-122.4253485,,,,,,336,0.079452055,-50
KUI SHIN BO 2,24,48,2,237.66666666666666,0,0,10/29/2024,0,1424 lombard street,kui shin bo 2,37.8014999,-122.4252168,,,,,,442,0,-20
KUISHINBO,10,0,0,0,0,1,2/21/2023,1,22 peace plaza 535,kuishinbo,37.785018,-122.429587,,,,,,1058,0,0
KUSAKABE,7,0,0,0,0,0,6/23/2022,0,584 washington street,kusakabe,37.7957301,-122.4029252,4.7,752,"584 Washington St, San Francisco, CA 94111, United States",37.7957326,-122.4029438,1301,0,5452
L MIDA,4,4,1,111.5,0.5,-0.5,9/5/2024,0,2359 chestnut street,l mida,37.799784,-122.4421515,,,,,,496,0,-10
LA ALTENA,4,0,0,8,0,1,8/25/2022,0,3346 mission street,la altena,37.743206,-122.421546,,,,,,1238,0,0
LA ESPIGA DE ORO,9,0,0,0,0,2,5/4/2023,2,2916 24th street,la espiga de oro,37.752768,-122.410392,,,,,,986,0,0
LA FLOR DE IZOTE,11,0,0,0,0,2,4/20/2022,2,3781 mission street,la flor de izote,37.7362313,-122.4241937,,,,,,1365,0,0
LA FROMAGERIE,1,1,1,59,0,0,2/7/2025,0,2260 chestnut street,la fromagerie,37.800432,-122.4405945,,,,,,341,0.065753425,-10
LA LAGUNA,6,0,0,0,0,0,4/19/2023,0,3906 03rd street,la laguna,37.741752,-122.388402,,,,,,1001,0,0
LA TORTA GORDA,5,0,0,258,0,0,7/14/2021,0,2833 24th street,la torta gorda,37.752813,-122.408799,,,,,,1645,0,0
LA VACA BIRRIA,9,0,0,0,0,0,8/27/2021,0,2962 24th street,la vaca birria,37.7529153,-122.4114313,4.4,356,"2962 24th St, San Francisco, CA 94110, United States",37.7527702,-122.4114087,1601,0,4756
LADLE AND LEAF,3,0,0,0,0,0,12/8/2021,0,580 california street,ladle and leaf,37.792748,-122.404084,,,,,,1498,0,0
LAO TABLE,12,0,0,0,0,1,12/6/2021,1,149 2nd street,lao table,37.787343,-122.398902,4.2,1392,"149 2nd St, San Francisco, CA 94105, United States",37.7874606,-122.3988685,1500,0,5592
LAS ISLETAS,6,0,0,0,0,0,4/19/2023,0,4508 03rd street,las isletas,37.737021,-122.390043,,,,,,1001,0,0
LAS KATRINAS TAQUERIA,4,2,0.5,59,0.5,-0.5,8/28/2024,0,2101 lombard street,las katrinas taqueria,37.799586,-122.4362925,,,,,,504,0,-5
LAS MESTIZAS,16,76,4.75,49,0.25,0,11/26/2024,0,2280 chestnut street,las mestizas,37.800396,-122.4409365,4.5,156,"2280 Chestnut St, San Francisco, CA 94123, United States",37.8003454,-122.4409072,414,0,4608.5
LAUREATE,3,0,0,0,1,-1,12/8/2021,0,488 presidio avenue,laureate,37.787344,-122.446725,,,,,,1498,0,0
LILIENTHAL ELEMENTARY SCHOOL,10,0,0,469.5,0,0,5/16/2025,0,3630 divisadero street,lilienthal elementary school,37.803537,-122.443547,,,,,,243,0.33424657534246577,0
LILIKOI,20,40,2,158.5,0,0,2/7/2025,0,3108 fillmore street,lilikoi,37.7984416,-122.4355986,,,,,,341,0.065753425,-20
LIME TREE,4,0,0,0,0,0,4/26/2022,0,450 irving street a,lime tree,37.76436229999999,-122.4628898,,,,,,1359,0,0
LINCOLN PARK BAR AND GRILL,4,0,0,0,1,-1,1/14/2021,0,300 34th avenue,lincoln park bar and grill,37.782971,-122.496324,,,,,,1826,0,0
LITTLE JOE S ANNEX,1,10,10,0,1,-1,6/7/2024,0,3208 scott street,little joe s annex,37.799514,-122.4408825,,,,,,586,0,-100
LITTLE PARIS,10,0,0,0,0,0,3/10/2023,0,1131 stockton street,little paris,37.7962296,-122.4084831,,,,,,1041,0,0
LITTLE SZECHUAN,10,0,0,0,0,0,4/25/2023,0,501 broadway street,little szechuan,37.797788,-122.405695,,,,,,995,0,0
LOCAL FOOD HALL,2,0,0,0,0,0,10/5/2022,0,741 diamond street,local food hall,37.7513438,-122.4361294,,,,,,1197,0,0
LOCAL ROOTS LEIDESDORFF,8,0,0,0,0,0,5/9/2023,0,70 leidesdorff street,local roots leidesdorff,37.791275,-122.40201,,,,,,981,0,0
LOJ TWO,24,4,0.16666666666666666,6.333333333333333,0.16666666666666666,-0.166666667,5/10/2024,0,2301 chestnut street,loj two,37.799937,-122.441499,,,,,,614,0,-1.666666667
LOMBARD DOGGY DAYCARE,6,2,0.3333333333333333,31.666666666666668,0.3333333333333333,-0.333333333,1/7/2025,0,1488 lombard street,lombard doggy daycare,37.80121973,-122.4259776,,,,,,372,0,-3.333333333
LOMBARD SHELL,10,5,0.5,378.5,0,0,1/24/2025,0,1800 lombard street,lombard shell,37.800468,-122.431434,,,,,,355,0.02739726,-5
LOMBARD UNION 76,3,0,0,401,0,0,1/12/2024,0,2498 lombard street,lombard union 76,37.799078,-122.442374,,,,,,733,0,0
LONGFELLOW ELEMENTARY SCHOOL,6,0,0,0,0,0,9/30/2022,0,755 morse street,longfellow elementary school,37.710459,-122.447713,,,,,,1202,0,0
LOS CUATES TAQUERIA SF,4,0,0,12,0,0,11/30/2021,0,2426 san bruno avenue,los cuates taqueria sf,37.7317147,-122.4057338,,,,,,1506,0,0
LOS HERMANOS,12,6,0.5,393,0,0,3/7/2025,0,2026 chestnut street,los hermanos,37.800767,-122.436924,,,,,,313,0.14246575342465753,-5
LOS YAQUIS,2,0,0,0,0,0,5/3/2022,0,324 south van ness avenue,los yaquis,37.7679135,-122.4180496,,,,,,1352,0,0
LOUIE S,4,0,0,0,0,0,9/27/2022,0,55 stevenson street,louie s,37.7895679,-122.3996021,,,,,,1205,0,0
LUCCA DELICATESSEN,12,12,1,431,0,0,6/12/2025,0,2120 chestnut street,lucca delicatessen,37.800568,-122.438354,4.5,442,"2120 Chestnut St, San Francisco, CA 94123, United States",37.8006733,-122.4383851,216,0.40821917808219177,4932
LUCKY CREATION VEGETARIAN RESTAURANT,7,0,0,0,0,0,6/27/2022,0,854 washington street,lucky creation vegetarian restaurant,37.795078,-122.407433,,,,,,1297,0,0
LUNA,4,0,0,0,0,0,5/2/2023,0,694 valencia street,luna,37.7618743,-122.4217734,,,,,,988,0,0
LY S VIETNAMESE CUISINE,5,5,1,616,0,0,2/12/2025,0,1779 lombard street,ly s vietnamese cuisine,37.8003365,-122.4306516,,,,,,336,0.079452055,-10
MAGNOLIA BREWING COMPANY,8,0,0,0,1,-1,10/21/2020,0,1398 haight street,magnolia brewing company,37.77041860000001,-122.4451535,,,,,,1911,0,0
MAISON DANEL,7,0,0,0,0,0,2/14/2022,0,1030 polk street,maison danel,37.7865196,-122.4196931,,,,,,1430,0,0
MAMA JI S,7,0,0,7,0,0,6/17/2021,0,4416 18th street,mama ji s,37.7608148,-122.4387262,,,,,,1672,0,0
MAMANOKO,10,10,1,224.5,0,0,9/6/2024,0,2317 chestnut street,mamanoko,37.7999931,-122.4414351,4.5,464,"2317 Chestnut St, San Francisco, CA 94123, United States",37.8000447,-122.4415341,495,0,4954
MAMO,2,2,1,871,0,0,7/26/2024,0,3659 buchanan street,mamo,37.8038341,-122.4336579,4.4,193,"3659 Buchanan St, San Francisco, CA 94123, United States",37.8038355,-122.433646,537,0,4583
MANILA BOWL,4,0,0,0,0,1,6/14/2021,1,1355 market street 10,manila bowl,37.7769754,-122.4164009,,,,,,1675,0,0
MANORA S THAI CUISINE,12,0,0,99.5,0,0.5,4/28/2023,1,1600 folsom street,manora s thai cuisine,37.770748,-122.415137,,,,,,992,0,0
MARCO POLO ITALIAN ICE CREAM,4,0,0,23,0,0,6/24/2022,0,1447 taraval street,marco polo italian ice cream,37.742728,-122.481566,4.7,678,"3886 Noriega St, San Francisco, CA 94122, United States",37.75317500000001,-122.5051443,1300,0,5378
MARINA DELI LIQUORS,24,32,1.3333333333333333,210,0,0,4/15/2025,0,2299 chestnut street,marina deli liquors,37.8001092,-122.4410369,,,,,,274,0.2493150684931507,-13.33333333
MARINA INDIAN CUISINE,6,2,0.3333333333333333,1.6666666666666667,0.3333333333333333,-0.333333333,11/13/2024,0,1968 lombard street,marina indian cuisine,37.800423,-122.433939,4.8,357,"1968 Lombard St, San Francisco, CA 94123, United States",37.8003412,-122.4339336,427,0,5153.666666666667
MARINA MEATS,1,0,0,0,1,-1,9/20/2024,0,2395 chestnut street,marina meats,37.799802,-122.44257,,,,,,481,0,0
MARINA MIDDLE SCHOOL,16,0,0,281.75,0,0,5/16/2025,0,3500 fillmore street,marina middle school,37.801776,-122.43641,,,,,,243,0.33424657534246577,0
MARINA ROUND TABLE PIZZA,18,12,0.6666666666666666,222,0,0.6666666666666666,3/5/2025,0,1503 north point street,marina round table pizza,37.8040673,-122.4321742,,,,,,315,0.136986301,-6.666666667
MARINA SUBMARINE,6,4,0.6666666666666666,22.333333333333332,0.3333333333333333,-0.333333333,1/21/2025,0,2299 union street,marina submarine,37.796796,-122.436846,,,,,,358,0.019178082191780823,-6.666666667
MARINA SUPERMARKET,4,4,1,104.5,0.5,-0.5,4/15/2025,0,2323 chestnut street,marina supermarket,37.799937,-122.441499,,,,,,274,0.2493150684931507,-10
MARINA SUSHI BAR,2,0,0,0,0.5,-0.5,2/9/2024,0,2020 lombard street,marina sushi bar,37.80027,-122.4349155,,,,,,705,0,0
MARINA THEATRE,6,0,0,475.5,0,0,3/11/2025,0,2149 chestnut street,marina theatre,37.800483,-122.438567,,,,,,309,0.15342465753424658,0
MARTHA BROS COFFEE CO,6,0,0,0,0,0,9/16/2021,0,745 cortland avenue,martha bros coffee co,37.738927,-122.414757,,,,,,1581,0,0
MARUGAME UDON,4,0,0,30,0,1,3/24/2022,0,3251 20th avenue,marugame udon,37.7277303,-122.4769749,,,,,,1392,0,0
MATCHING HALF,5,0,0,0,0,0,11/29/2021,0,1799 mcallister street,matching half,37.7772667,-122.4414532,4.4,477,"1799 McAllister St, San Francisco, CA 94115, United States",37.7772576,-122.4415213,1507,0,4877
MATTERHORN RESTAURANT BAKERY,2,0,0,414,0,0,9/18/2024,0,2323 van ness avenue,matterhorn restaurant bakery,37.7971925,-122.4241182,,,,,,483,0,0
MAUNA LOA,1,0,0,0,1,-1,10/31/2024,0,3007 fillmore street,mauna loa,37.797282,-122.435838,,,,,,440,0,0
MAY LEE,3,0,0,0,0,0,5/3/2022,0,1256 7th avenue,may lee,37.76487120000001,-122.4641034,,,,,,1352,0,0
MEL S DRIVE IN,6,0,0,21,0,0,5/25/2021,0,1050 van ness avenue,mel s drive in,37.785358,-122.421357,,,,,,1695,0,0
MELS DRIVE IN,18,48,2.6666666666666665,79.66666666666667,0,0,10/23/2024,0,2165 lombard street,mels drive in,37.799684,-122.437106,,,,,,448,0,-26.66666667
MEMPHIS MINNIE S BBQ JOINT,5,0,0,0,0,0,6/23/2021,0,576 haight street,memphis minnie s bbq joint,37.7721374,-122.4317056,,,,,,1666,0,0
MENKEE WONTON,5,0,0,14,0,0,11/30/2021,0,1701 noriega street,menkee wonton,37.753954,-122.481866,,,,,,1506,0,0
MI COMEDOR,4,0,0,351,0,0,8/12/2022,0,2948 folsom street,mi comedor,37.7501624,-122.4141189,,,,,,1251,0,0
MIKE MARKET,4,0,0,23,0,0,1/27/2023,0,2200 silver avenue,mike market,37.736484,-122.398418,,,,,,1083,0,0
MILLION THAI,11,0,0,0,0,0,1/20/2021,0,385 taylor street,million thai,37.7857302,-122.4114645,,,,,,1820,0,0
MILOS MEZE,2,2,1,0,0.5,-0.5,1/21/2025,0,3348 steiner street,milos meze,37.800387,-122.4375615,4.9,311,"3348 Steiner St, San Francisco, CA 94123, United States",37.800326,-122.4377223,358,0.019178082191780823,5201
MINI CHAMELEON,2,0,0,0,0.5,-0.5,2/28/2024,0,1994 union street,mini chameleon,37.797705,-122.432085,,,,,,686,0,0
MISSION CURRY HOUSE,36,0,0,0,0,1.3333333333333333,3/31/2023,2,2434 mission street,mission curry house,37.7579937,-122.4193377,4.4,322,"2434 Mission St, San Francisco, CA 94110, United States",37.757994,-122.4193144,1020,0,4722
MISSION ROCK RESORT,7,0,0,0,0,0,9/23/2021,0,817 terry francois boulevard,mission rock resort,37.7655177,-122.3865434,4.4,2108,"817 Terry A Francois Blvd, San Francisco, CA 94158, United States",37.7655099,-122.3866086,1574,0,6508
MIXT GREENS MIXT,32,0,0,21.25,0,0,4/15/2025,0,3130 fillmore street,mixt greens mixt,37.79859039999999,-122.4355986,,,,,,274,0.2493150684931507,0
MIYABIYA SUSHI AND GRILL,10,0,0,0,0,0,7/21/2021,0,115 cyril magnin street,miyabiya sushi and grill,37.7856591,-122.4090319,,,,,,1638,0,0
MOKUKU,6,0,0,0,0,0,6/8/2022,0,332 clement street,mokuku,37.78321589999999,-122.462934,,,,,,1316,0,0
MONTESACRO MARINA,9,24,2.6666666666666665,172.66666666666666,0.3333333333333333,0.3333333333333333,6/13/2025,1,3317 steiner street,montesacro marina,37.799928,-122.4380565,4.4,143,"3317 Steiner St, San Francisco, CA 94123, United States",37.7999889,-122.4379518,215,0.410958904,4516.333333333333
MOONLIGHT,8,0,0,0,0,0,1/12/2022,0,634 cortland avenue,moonlight,37.738923,-122.415293,,,,,,1463,0,0
MOREL,20,12,0.6,56.2,0.2,-0.2,10/16/2024,0,2001 chestnut street,morel,37.800576,-122.4365355,,,,,,455,0,-6
MORTY S DELICATESSEN,8,0,0,0,0,0,1/17/2023,0,280 golden gate avenue,morty s delicatessen,37.7819011,-122.4152693,,,,,,1093,0,0
MOTEL CAPRI,2,2,1,785,0,0,3/14/2025,0,2015 greenwich street,motel capri,37.7990499,-122.43305,,,,,,306,0.16164383561643836,-10
MOTORING COFFEE,30,80,2.6666666666666665,42,0.16666666666666666,-0.166666667,10/29/2024,0,1525 union street,motoring coffee,37.7982,-122.424579,,,,,,442,0,-26.66666667
MOZZERIA,1,0,0,735,0,0,8/9/2024,0,2 marina boulevard bldg c36,mozzeria,37.805508,-122.4319545,,,,,,523,0,0
MUSE JUICE BAR,9,3,0.3333333333333333,56.666666666666664,0,0,6/6/2025,0,2220 chestnut street,muse juice bar,37.800522,-122.4399375,4.9,200,"2056 Polk St, San Francisco, CA 94109, United States",37.7957668,-122.4216128,222,0.3917808219178082,5096.666666666667
MUSE JUICE BAR,9,3,0.3333333333333333,56.666666666666664,0,0,6/6/2025,0,2220 chestnut street,muse juice bar,37.800522,-122.4399375,5,46,"2220 Chestnut St, San Francisco, CA 94123, United States",37.8005362,-122.4399449,222,0.3917808219178082,5042.666666666667
MUSIC HALL LLC DBA GREAT AMERICAN MUSIC HALL,7,0,0,264,0,0,4/25/2023,0,859 o farrell street,music hall llc dba great american music hall,37.7848031,-122.4188416,,,,,,995,0,0
MY IVY CORP,9,0,0,0,0,1,10/5/2021,1,1901 divisadero street,my ivy corp,37.787323,-122.440323,,,,,,1562,0,0
MY TOFU HOUSE,5,0,0,0,0,0,11/30/2021,0,4627 geary boulevard,my tofu house,37.7806327,-122.4691213,4.5,502,"4627 Geary Blvd, San Francisco, CA 94118, United States",37.7806331,-122.4691485,1506,0,5002
NAPIZZA,18,6,0.3333333333333333,161.66666666666666,0,1.3333333333333333,11/27/2024,0,3258 scott street,napizza,37.8000314,-122.4408734,,,,,,413,0,-3.333333333
NARA SUSHI,7,0,0,0,0,0,11/17/2020,0,1515 polk street,nara sushi,37.7908841,-122.4209453,,,,,,1884,0,0
NEW DELHI,9,0,0,0,0,0,4/6/2021,0,160 ellis street,new delhi,37.785465,-122.408851,,,,,,1744,0,0
NEW FORTUNE,7,0,0,0,0,0,7/7/2020,0,811 stockton street,new fortune,37.7933411,-122.4079738,,,,,,2017,0,0
NEW LOVE TEA,5,0,0,0,0,0,3/3/2022,0,601 broadway,new love tea,37.7976694,-122.4071211,,,,,,1413,0,0
NEW LUN TING CAFE,9,0,0,0,0,0,7/6/2022,0,670 jackson street,new lun ting cafe,37.796098,-122.406275,,,,,,1288,0,0
NEW REGENT,8,0,0,0,0,0,10/18/2022,0,638 pacific avenue,new regent,37.797008,-122.406313,,,,,,1184,0,0
NEW TARAVAL,8,0,0,0,0,0,1/6/2022,0,1054 taraval street,new taraval,37.74310090000001,-122.47775,,,,,,1469,0,0
NIPPON CURRY,12,28,2.3333333333333335,303,0,0,11/5/2024,0,3347 fillmore street,nippon curry,37.8004866,-122.4365043,,,,,,435,0,-23.33333333
NOA PURE,42,108,2.5714285714285716,31.142857142857142,0.14285714285714285,-0.142857143,9/19/2024,0,2163 union street,noa pure,37.797066,-122.434812,,,,,,482,0,-25.71428571
NOAH S NEW YORK BAGELS 2103,4,6,1.5,0.5,0.5,0.5,5/31/2024,0,2075 chestnut street,noah s new york bagels 2103,37.800378,-122.43735,,,,,,593,0,-15
NOB HILL,9,0,0,9,0,0,11/4/2021,0,1152 taylor street,nob hill,37.793238,-122.412746,,,,,,1532,0,0
NONE,1,2,2,0,1,-1,1/6/2025,0,1977 a union street,none,37.797345,-122.4316575,,,,,,373,0,-20
NOOBOWL,8,0,0,426,0,1,5/11/2021,0,845 market street fe9,noobowl,37.7839767,-122.4054904,,,,,,1709,0,0
NORCINA,6,6,1,476.5,0,0,2/21/2025,0,3251 pierce street,norcina,37.8001261,-122.4397294,4.4,280,"3251 Pierce St, San Francisco, CA 94123, United States",37.8001432,-122.4396449,327,0.10410958904109589,4670
NORDSTROM BAZILLE,3,0,0,0,0,0,11/14/2022,1,865 market street,nordstrom bazille,37.784317,-122.407563,,,,,,1157,0,0
NOTES FROM UNDERGROUND,3,9,3,608,0,0,3/14/2024,0,2399 van ness avenue,notes from underground,37.7974813,-122.4240285,,,,,,671,0,-30
OCEAN THAI,10,0,0,0,0,0,7/26/2022,0,2545 ocean avenue,ocean thai,37.73135,-122.4730503,,,,,,1268,0,0
ORIGINAL BUFFALO WINGS,5,10,2,537,0,2,12/4/2024,0,2499 lombard street,original buffalo wings,37.799095,-122.442457,,,,,,406,0,-20
OVER THE MOON,3,0,0,681,0,0,6/7/2024,0,2144 chestnut street,over the moon,37.8007307,-122.4387227,,,,,,586,0,0
PACIFIC CATCH,18,84,4.666666666666667,250.66666666666666,0,0,11/5/2024,0,2027 chestnut street,pacific catch,37.800763,-122.436536,4.5,1079,"2027 Chestnut St, San Francisco, CA 94123, United States",37.80067469999999,-122.4367034,435,0,5532.333333333333
PACIFIC CATCH,18,84,4.666666666666667,250.66666666666666,0,0,11/5/2024,0,2027 chestnut street,pacific catch,37.800763,-122.436536,4.3,2091,"1200 9th Ave, San Francisco, CA 94122, United States",37.765699,-122.4662647,435,0,6344.333333333333
PAKWAN,13,0,0,0,0,0,7/7/2020,0,3180 16th street,pakwan,37.7649395,-122.4236467,,,,,,2017,0,0
PALIHOTEL SAN FRANCISCO,4,0,0,0,0,0,5/17/2022,0,417 stockton street,palihotel san francisco,37.7897952,-122.4075384,,,,,,1338,0,0
PANDA EXPRESS,4,0,0,0,0,0,12/8/2022,2,865 market street c24,panda express,37.784317,-122.407563,3.6,777,"1480 Fillmore St, San Francisco, CA 94115, United States",37.7831989,-122.4324298,1133,0,4377
PANDA EXPRESS,4,0,0,0,0,0,12/8/2022,2,865 market street c24,panda express,37.784317,-122.407563,4.1,700,"865 Market St C-24, San Francisco, CA 94103, United States",37.7837875,-122.4071614,1133,0,4800
PANDA EXPRESS,4,0,0,0,0,0,12/8/2022,2,865 market street c24,panda express,37.784317,-122.407563,4.4,12,"San Francisco Airport, International Terminal A, International Terminal Departures Level, San Francisco, CA 94128, United States",37.6150205,-122.3884574,1133,0,4412
PANDA EXPRESS,4,0,0,0,0,0,12/8/2022,2,865 market street c24,panda express,37.784317,-122.407563,4,848,"701 Westlake Center, Daly City, CA 94015, United States",37.6989854,-122.4820669,1133,0,4848
PANDA EXPRESS,4,0,0,0,0,0,12/8/2022,2,865 market street c24,panda express,37.784317,-122.407563,4.1,74,"3519 California St, San Francisco, CA 94118, United States",37.7863507,-122.4518698,1133,0,4174
PANDA EXPRESS,4,0,0,0,0,0,12/8/2022,2,865 market street c24,panda express,37.784317,-122.407563,4,68,"3801 3rd St #300, San Francisco, CA 94124, United States",37.74154190000001,-122.3872629,1133,0,4068
PANDA EXPRESS,4,0,0,0,0,0,12/8/2022,2,865 market street c24,panda express,37.784317,-122.407563,3.8,297,"500 Parnassus Ave, San Francisco, CA 94143, United States",37.7635333,-122.4584771,1133,0,4097
PANDA EXPRESS,4,0,0,0,0,0,12/8/2022,2,865 market street c24,panda express,37.784317,-122.407563,3.9,7,"1224 Fairmont Dr Suite 102, San Leandro, CA 94578, United States",37.7021409,-122.1292008,1133,0,3907
PANDA EXPRESS,4,0,0,0,0,0,12/8/2022,2,865 market street c24,panda express,37.784317,-122.407563,3.8,277,"3251 20th Ave #250h, San Francisco, CA 94132, United States",37.7276883,-122.4766657,1133,0,4077
PARADISE PUNCH,1,0,0,0,1,-1,1/6/2025,0,1977 b union street,paradise punch,37.79753167,-122.4318505,,,,,,373,0,0
PARAMOUNT SUPERSTARS INC,11,0,0,177,0,0,1/15/2021,0,939 clement street,paramount superstars inc,37.7824781,-122.4694351,,,,,,1825,0,0
PARIS BAGUETTE AMERICA INC,12,0,0,0,0.5,-0.5,5/19/2022,0,3995 alemany boulevard,paris baguette america inc,37.7104386,-122.467575,,,,,,1336,0,0
PARK GYROS SF,4,0,0,0,0,0,8/24/2022,0,1201 09th avenue,park gyros sf,37.7657116,-122.4666047,,,,,,1239,0,0
PARKSIDE MARKET,8,0,0,0,0,2,6/2/2022,2,1600 hayes street,parkside market,37.7745782,-122.4429997,,,,,,1322,0,0
PASQUALES,5,0,0,35,0,2,1/21/2021,0,700 irving street,pasquales,37.764108,-122.465512,,,,,,1819,0,0
PATRIOT HOUSE,7,0,0,0,0,0,4/14/2022,1,2 embarcadero center,patriot house,37.79478810000001,-122.3984101,,,,,,1371,0,0
PEET S COFFEE,12,0,0,2.75,0.25,-0.25,12/8/2021,0,5201 geary boulevard,peet s coffee,37.780443,-122.475259,,,,,,1498,0,0
PENNY ROMA FLOUR WATER PASTA SHOP,9,0,0,0,0,0,11/24/2020,0,3000 20th street,penny roma flour water pasta shop,37.759379,-122.410915,,,,,,1877,0,0
PERILLA VIETNAMESE CUISINE,9,0,0,0,0,0,7/21/2021,0,836 irving street,perilla vietnamese cuisine,37.7641711,-122.4671354,,,,,,1638,0,0
PERRYS,12,12,1,411.3333333333333,0,0,6/13/2025,0,1944 union street,perrys,37.797648,-122.431274,,,,,,215,0.410958904,-10
PETE S DELI,7,0,0,20,0,0,7/14/2021,0,1661 divisadero street,pete s deli,37.785124,-122.439874,,,,,,1645,0,0
PHAT THAI,6,27,4.5,241.5,0,0,10/4/2024,0,2380 lombard street,phat thai,37.7994799,-122.4407009,4.6,290,"2380 Lombard St, San Francisco, CA 94123, United States",37.7995057,-122.440706,467,0,4845
PHILZ COFFEE TRUCK,4,4,1,679,0,0,12/5/2024,0,500 marina boulevard,philz coffee truck,37.8058716,-122.4424246,4.3,47,"500 Marina Blvd, San Francisco, CA 94123, United States",37.8061588,-122.4422824,405,0,4337
PHO DAY,2,0,0,0,0,1,6/30/2022,1,59 30th street,pho day,37.7422077,-122.4231424,,,,,,1294,0,0
PICA PICA,12,0,0,211,0,0,11/3/2021,0,401 valencia street,pica pica,37.7664394,-122.4217291,,,,,,1533,0,0
PING YANG,6,0,0,0,0,0,2/14/2022,0,955 larkin street,ping yang,37.786883,-122.4185431,,,,,,1430,0,0
PIZZA INFERNO,2,0,0,0,0,0,9/21/2022,0,1800 fillmore street,pizza inferno,37.786498,-122.430283,,,,,,1211,0,0
PIZZA SQUARED,4,0,0,274,0,0,10/5/2022,0,885 brannan street b3,pizza squared,37.771464,-122.40502,,,,,,1197,0,0
PIZZERIA AVELLINO,14,49,3.5,378,0,0,9/13/2024,0,2769 lombard street,pizzeria avellino,37.7983319,-122.4470445,,,,,,488,0,-35
PLUMPJACK WINES,1,0,0,0,1,-1,3/13/2024,0,3201 fillmore street,plumpjack wines,37.7991,-122.436189,,,,,,672,0,0
POKE BOWL,6,0,0,0,0,0,4/24/2023,0,3251 20th avenue 250a,poke bowl,37.7277303,-122.4769749,,,,,,996,0,0
POLLO CAMPERO,5,0,0,232,0,0,5/6/2021,0,90 charter oak avenue 35,pollo campero,37.736888,-122.4050063,4.3,3536,"2740 Mission St, San Francisco, CA 94110, United States",37.7530874,-122.4188975,1714,0,7836
POPI S OYSTERETTE,8,12,1.5,191.5,0,0,8/13/2024,0,2095 chestnut street,popi s oysterette,37.8005042,-122.437722,,,,,,519,0,-15
PRESIDIO FOOD MARKET,12,48,4,61,0.25,-0.25,5/13/2025,0,2901 baker street,presidio food market,37.797813,-122.446035,,,,,,246,0.32602739726027397,-40
PRESIDIO FOOD MART,1,0,0,0,1,-1,8/29/2024,0,2901 baker street,presidio food mart,37.797813,-122.446035,,,,,,503,0,0
PRESIDIO PIZZA COMPANY,6,0,0,7,0,0,4/26/2022,0,1862 divisadero street,presidio pizza company,37.7870333,-122.4400223,,,,,,1359,0,0
PRESIDIO THEATRE,2,2,1,1031,0,0,5/30/2025,0,2340 chestnut street,presidio theatre,37.800128,-122.441914,,,,,,229,0.3726027397260274,-10
PRIMO PIZZA,12,0,0,3.5,0,1,9/27/2022,1,1064 divisadero street,primo pizza,37.7795926,-122.4384706,,,,,,1205,0,0
PROGRESSIVE GROUNDS,4,0,0,0,0,0,8/25/2022,0,400 cortland avenue,progressive grounds,37.739143,-122.417653,4.5,459,"400 Cortland Ave, San Francisco, CA 94110, United States",37.7390793,-122.4176856,1238,0,4959
PRONTO PIZZA,6,0,0,0,0,0,1/15/2021,0,798 eddy street,pronto pizza,37.783124,-122.4204302,,,,,,1825,0,0
PROPER FOOD,7,0,0,24.285714285714285,0,0,9/16/2022,0,2 embarcadero center r 2106,proper food,37.79478810000001,-122.3984101,,,,,,1216,0,0
PUNJ LIQUOR,1,0,0,0,1,-1,2/21/2024,0,2301 van ness avenue,punj liquor,37.796805,-122.4238815,,,,,,693,0,0
PUSHKIN,3,0,0,0,1,-1,4/26/2022,0,40 belden place,pushkin,37.7912867,-122.4036616,,,,,,1359,0,0
QUICKLY,2,0,0,0,0,0,7/27/2022,0,3251 20th avenue 160,quickly,37.7277652,-122.4768312,,,,,,1267,0,0
R G LOUNGE,7,0,0,0,0,0,5/8/2023,0,631 kearny street,r g lounge,37.794154,-122.404765,,,,,,982,0,0
RAGAZZA,2,0,0,0,0,0,6/30/2021,0,311 divisadero street,ragazza,37.772473,-122.437324,,,,,,1659,0,0
RAIN TREE,4,0,0,8,0,0,6/20/2023,0,654 irving street,rain tree,37.764128,-122.464961,,,,,,939,0,0
RAMENWELL,8,0,0,0,0,0,9/2/2020,0,3378 18th street,ramenwell,37.7620489,-122.4188753,4.5,664,"3378 18th St, San Francisco, CA 94110, United States",37.7619731,-122.4188788,1960,0,5164
RAPHA RACING,3,6,2,985,0,0,9/10/2024,0,2198 filbert street,rapha racing,37.798078,-122.435444,,,,,,491,0,-20
RECOVERY ROOM,3,0,0,0,0,0,9/14/2021,0,4528 mission street,recovery room,37.7255834,-122.4345126,,,,,,1583,0,0
RED,7,0,0,329,0,0,1/6/2022,0,2894 mission street,red,37.7507434,-122.4184971,,,,,,1469,0,0
RED HOUSE BAKERY,14,0,0,0,0,0,1/25/2021,0,2818 san bruno avenue,red house bakery,37.72618,-122.403082,,,,,,1815,0,0
RED SEA PIZZA AND MARKET,3,0,0,0,0,0,11/17/2020,0,1801 san jose avenue,red sea pizza and market,37.7287071,-122.4399006,,,,,,1884,0,0
RED TAVERN,6,0,0,504,0,0,5/4/2023,0,2229 clement street,red tavern,37.7818585,-122.4832762,,,,,,986,0,0
REDMINT,1,16,16,0,0,0,5/8/2024,0,1958 union street,redmint,37.797966,-122.4316125,,,,,,616,0,-160
REEM S MISSION,12,0,0,0,0,0,5/19/2022,0,2901 mission street,reem s mission,37.7505549,-122.4179904,,,,,,1336,0,0
REINA S,6,0,0,0,1,-1,8/6/2020,0,5479 mission street,reina s,37.7127961,-122.4442666,,,,,,1987,0,0
REVEILLE COFFEE,12,16,1.3333333333333333,227.66666666666666,0,0,1/17/2025,0,2268 chestnut street,reveille coffee,37.8004212,-122.4407004,,,,,,362,0.008219178,-13.33333333
RICCO MEDITERRANEAN,9,33,3.6666666666666665,63,0.3333333333333333,-0.333333333,9/13/2024,0,3145 fillmore street,ricco mediterranean,37.798605,-122.4361035,4.7,132,"3145 Fillmore St, San Francisco, CA 94123, United States",37.7986163,-122.4360201,488,0,4795.333333333333
RICK AND ROXY S,1,0,0,0,1,-1,8/16/2024,0,2135 lombard street,rick and roxy s,37.799523,-122.436558,,,,,,516,0,0
ROAM ARTISAN BURGERS,3,3,1,707,0,0,8/13/2024,0,1785 union street,roam artisan burgers,37.797954,-122.428477,4.4,1387,"1785 Union St, San Francisco, CA 94123, United States",37.7978371,-122.4285685,519,0,5777
ROAM ARTISAN BURGERS,3,3,1,707,0,0,8/13/2024,0,1785 union street,roam artisan burgers,37.797954,-122.428477,4.4,1799,"1923 Fillmore St, San Francisco, CA 94115, United States",37.7876808,-122.4337404,519,0,6189
ROMA ANTICA,10,10,1,221,0,2,10/15/2024,0,3242 scott street,roma antica,37.7998806,-122.4409613,4.5,1635,"3242 Scott St, San Francisco, CA 94123, United States",37.7998847,-122.4410073,456,0,6125
ROOSTER AND RICE TOO,5,0,0,0,1,-1,5/24/2021,0,303 2nd street plaza,rooster and rice too,37.7856757,-122.3958433,,,,,,1696,0,0
ROOSTER RICE,7,28,4,216,0,0,1/13/2025,0,2211 filbert street,rooster rice,37.7978964,-122.4359471,,,,,,366,0,-40
ROOSTER RICE III,7,0,0,0,1,-1,11/17/2020,0,125 kearny street,rooster rice iii,37.7892503,-122.4039166,,,,,,1884,0,0
ROSA PARKS ELEMENTARY SCHOOL,10,0,0,156,0,0,4/14/2022,0,1501 o farrell street,rosa parks elementary school,37.783604,-122.430141,,,,,,1371,0,0
ROSAS JABALI,14,0,0,0,0,1,11/29/2022,2,2801 folsom street,rosas jabali,37.7523705,-122.4138743,,,,,,1142,0,0
ROSE S,20,20,1,217,0,0,7/9/2024,0,2298 union street,rose s,37.796927,-122.436974,,,,,,554,0,-10
ROSSI S DELI,1,0,0,0,0,0,11/4/2021,0,426 castro street,rossi s deli,37.761954,-122.435168,,,,,,1532,0,0
ROUND TABLE PIZZA,10,0,0,0,0,0,8/4/2022,0,2660 san bruno avenue,round table pizza,37.728027,-122.403811,,,,,,1259,0,0
RULLI RISTO BAR,4,16,4,735,0,0,8/23/2024,0,2300 chestnut street,rulli risto bar,37.800188,-122.441454,,,,,,509,0,-40
SABABA,5,0,0,0,0,0,4/3/2023,0,329 kearny street,sababa,37.7911773,-122.4043623,4.2,458,"329 Kearny St, San Francisco, CA 94108, United States",37.7911847,-122.4042905,1017,0,4658
SABRA,4,0,0,0,0,0,5/3/2023,0,419 grant avenue,sabra,37.790874,-122.405634,,,,,,987,0,0
SABRI ABDO MUSAED ALAWDI,2,2,1,0,0.5,-0.5,12/10/2024,0,2501 van ness avenue,sabri abdo musaed alawdi,37.798668,-122.424273,,,,,,400,0,-10
SACRED TACO,4,12,3,0.5,0.5,0,5/8/2024,0,1875 union street,sacred taco,37.797507,-122.430015,,,,,,616,0,-30
SAFEWAY INC 1711,9,9,1,91.33333333333333,0.3333333333333333,-0.333333333,10/30/2024,0,15 marina boulevard,safeway inc 1711,37.804581,-122.4330255,,,,,,441,0,-10
SAFEWAY STORES INC 1206,6,0,0,0,0,0,10/12/2021,0,350 bay street,safeway stores inc 1206,37.805758,-122.412774,,,,,,1555,0,0
SAIGON SANDWICHES,14,0,0,0,0,1,6/2/2022,1,560 larkin street,saigon sandwiches,37.7831271,-122.4173619,,,,,,1322,0,0
SAKANA,2,0,0,450,0,0,8/25/2022,0,605 post street,sakana,37.787798,-122.411772,,,,,,1238,0,0
SALTED,7,0,0,0,0,0,10/28/2021,0,475 06th street k13 14,salted,37.7749295,-122.4194155,,,,,,1539,0,0
SAMESUN SAN FRANCISCO,1,1,1,0,1,-1,10/29/2024,0,1475 lombard street,samesun san francisco,37.800909,-122.4258435,,,,,,442,0,-10
SAMIRAMIS IMPORTS,3,0,0,0,1,-1,12/20/2021,0,2990 mission street,samiramis imports,37.74923,-122.418224,,,,,,1486,0,0
SAMPLER S HOUSE,4,0,0,0,0,0,5/2/2023,0,1234 polk street,sampler s house,37.7883467,-122.4200409,,,,,,988,0,0
SAN BRUNO SUPERMARKET,9,0,0,0,0,0,7/8/2021,0,2480 san bruno avenue,san bruno supermarket,37.730527,-122.404861,,,,,,1651,0,0
SAN FRANCISCO HIGH SCHOOL OF THE ARTS,8,0,0,0,0,0,10/18/2022,0,1950 page street,san francisco high school of the arts,37.7705312,-122.4528278,,,,,,1184,0,0
SAN FRANCISCO MARRIOTT UNION SQUARE EMPLOYEE,3,0,0,0,1,-1,4/5/2022,0,480 sutter street service level,san francisco marriott union square employee,37.7894575,-122.4083666,,,,,,1380,0,0
SAN FRANCISCO SCHOOL THE,4,0,0,0,1,-1,12/6/2021,0,300 gaven street,san francisco school the,37.732518,-122.411648,,,,,,1500,0,0
SAN SUN,7,0,0,0,1,-1,1/19/2021,0,848 washington street,san sun,37.795108,-122.407213,,,,,,1821,0,0
SARKU JAPAN,4,0,0,0,0,0,5/9/2023,0,865 market street space c08,sarku japan,37.784317,-122.407563,,,,,,981,0,0
SATAYSFIED CATERING,3,0,0,0,0,0,10/5/2021,0,1080 howard,sataysfied catering,37.7784654,-122.4090386,,,,,,1562,0,0
SAY CHEESE,3,0,0,9,0,0,9/17/2021,0,856 cole street,say cheese,37.766017,-122.449976,,,,,,1580,0,0
SEXTANT COFFEE ROASTERS,5,0,0,0,0,0,7/7/2021,0,1415 folsom street,sextant coffee roasters,37.7724716,-122.4129614,4.4,717,"1415 Folsom St, San Francisco, CA 94103, United States",37.7724716,-122.4129614,1652,0,5117
SEXTANT COFFEE ROASTERS,5,0,0,0,0,0,7/7/2021,0,1415 folsom street,sextant coffee roasters,37.7724716,-122.4129614,4.1,58,"539 Valencia St, San Francisco, CA 94110, United States",37.7643584,-122.421698,1652,0,4158
SF FOOD MARKET,4,0,0,0,0,0,11/8/2022,0,4614 03rd street,sf food market,37.7362434,-122.3905433,,,,,,1163,0,0
SF HOLE IN THE WALL PIZZA,8,28,3.5,150.5,0,0,2/28/2025,0,3244 scott street,sf hole in the wall pizza,37.7998944,-122.4409525,,,,,,320,0.1232876712328767,-35
SHABU CLUB,10,0,0,17.5,0,0,12/8/2021,0,951 clement street,shabu club,37.7825235,-122.4695899,,,,,,1498,0,0
SHAKE SHACK,8,0,0,564.5,0,0,3/21/2025,0,3060 fillmore street,shake shack,37.7978978,-122.4354156,,,,,,299,0.18082191780821918,0
SHASKA DELI COFFEE,11,0,0,0,0,1,10/29/2020,1,3406 26th street,shaska deli coffee,37.7491244,-122.4185265,,,,,,1903,0,0
SHERMAN ELEMENTARY SCHOOL,4,16,4,575,0,0,5/17/2024,0,1651 union street,sherman elementary school,37.798243,-122.426167,,,,,,607,0,-40
SILVER CLOUD,10,10,1,343.5,0,0,12/13/2024,0,1994 lombard street,silver cloud,37.8003664,-122.4343334,,,,,,397,0,-10
SILVER CREST DONUT SHOP,5,0,0,0,0,0,9/22/2022,0,340 bayshore boulevard,silver crest donut shop,37.742456,-122.405766,,,,,,1210,0,0
SIMPLE PLEASURES,6,0,0,0,0,0,4/14/2022,0,3434 balboa street,simple pleasures,37.775818,-122.495802,,,,,,1371,0,0
SK TEA,7,0,0,0,0,0,6/2/2022,0,2250 irving street,sk tea,37.7634617,-122.4823848,,,,,,1322,0,0
SMOKIN WAREHOUSE BBQ,5,0,0,0,0,0,11/2/2020,0,3336 sacramento avenue,smokin warehouse bbq,37.7882931,-122.4476859,,,,,,1899,0,0
SONS DAUGHTERS,3,0,0,0,1,-1,6/9/2022,0,708 bush street,sons daughters,37.7902449,-122.409088,,,,,,1315,0,0
SOPHIE S CREPES,3,0,0,0,1,-1,6/30/2021,0,1581 webster street 275,sophie s crepes,37.784925,-122.4318139,,,,,,1659,0,0
SOULEY VEGAN,6,0,0,0,1,-1,1/15/2021,0,475 06th street 12,souley vegan,37.7763724,-122.4027509,4.5,1903,"101 Broadway, Oakland, CA 94607, United States",37.7956943,-122.2770414,1825,0,6403
SOUTH WEST PORTABLE BAR 600,2,0,0,0,1,-1,9/15/2021,0,1 warriors way level 600 south,south west portable bar 600,37.7680183,-122.3878772,,,,,,1582,0,0
SOUVLA,28,24,0.8571428571428571,68.78571428571429,0,0,4/29/2025,0,2276 chestnut street,souvla,37.8004102,-122.4408102,4.5,2270,"517 Hayes St, San Francisco, CA 94102, United States",37.7765267,-122.4249906,260,0.2876712328767123,6761.428571428572
SOUVLA,28,24,0.8571428571428571,68.78571428571429,0,0,4/29/2025,0,2276 chestnut street,souvla,37.8004102,-122.4408102,4.5,1205,"758 Valencia St, San Francisco, CA 94110, United States",37.760833,-122.4216788,260,0.2876712328767123,5696.428571428572
SOUVLA,28,24,0.8571428571428571,68.78571428571429,0,0,4/29/2025,0,2276 chestnut street,souvla,37.8004102,-122.4408102,4.5,1230,"531 Divisadero St, San Francisco, CA 94117, United States",37.7745213,-122.4378902,260,0.2876712328767123,5721.428571428572
SOUVLA,28,24,0.8571428571428571,68.78571428571429,0,0,4/29/2025,0,2276 chestnut street,souvla,37.8004102,-122.4408102,4.5,451,"2272 Chestnut St, San Francisco, CA 94123, United States",37.8003688,-122.4408124,260,0.2876712328767123,4942.428571428572
SOUVLA,28,24,0.8571428571428571,68.78571428571429,0,0,4/29/2025,0,2276 chestnut street,souvla,37.8004102,-122.4408102,4.3,181,"2505 3rd St, San Francisco, CA 94107, United States",37.757722,-122.3879496,260,0.2876712328767123,4472.428571428572
SPICE OF AMERICA,24,0,0,0,0,2,6/2/2022,2,1655 market street,spice of america,37.7732325,-122.4212692,,,,,,1322,0,0
SPICES,7,0,0,0,0,0,10/20/2021,1,291 06th avenue,spices,37.778382,-122.462787,,,,,,1547,0,0
SQUAT GOBBLE CAFE 5,1,0,0,0,1,-1,2/28/2024,0,2263 chestnut street,squat gobble cafe 5,37.799973,-122.4404595,,,,,,686,0,0
ST ANNE S HOME,2,0,0,737,0,0,5/3/2023,0,300 lake street,st anne s home,37.786797,-122.462552,,,,,,987,0,0
ST FRANCIS YACHT CLUB,64,144,2.25,97.25,0,0,3/5/2025,0,700 marina boulevard,st francis yacht club,37.80541719,-122.4457784,,,,,,315,0.136986301,-22.5
ST MARY S HOSPITAL CAFETERIA,4,0,0,0,0,0,12/7/2021,0,450 stanyan street l b,st mary s hospital cafeteria,37.773657,-122.454417,,,,,,1499,0,0
ST VINCENT DE PAUL,4,0,0,0,0,0,5/3/2023,0,2356 green street,st vincent de paul,37.795882,-122.43789,,,,,,987,0,0
ST VINCENT DE PAUL SCHOOL,4,8,2,76.5,0.5,-0.5,5/20/2025,1,2350 green street,st vincent de paul school,37.796121,-122.4378675,,,,,,239,0.3452054794520548,-20
STANFORD COURT HOTEL,1,0,0,0,0,0,9/27/2022,0,905 california street,stanford court hotel,37.7914858,-122.4095171,,,,,,1205,0,0
STAR INDIA,9,0,0,0,0,0,4/28/2023,0,3721 geary boulevard,star india,37.781153,-122.45936,4.2,824,"3721 Geary Blvd, San Francisco, CA 94118, United States",37.7810773,-122.4593778,992,0,5024
STARBUCKS COFFEE,20,15,0.75,28,0,0,1/17/2025,0,2132 chestnut street,starbucks coffee,37.800547,-122.438494,,,,,,362,0.008219178,-7.5
STARBUCKS COFFEE 10219,1,0,0,0,1,-1,1/30/2024,0,3735 buchanan street,starbucks coffee 10219,37.804401,-122.4339075,,,,,,715,0,0
STARCO MART,3,0,0,21,0,0,7/22/2021,0,1070 howard street,starco mart,37.7786964,-122.4089351,,,,,,1637,0,0
STOCKTON BAKERY,5,0,0,0,1,-1,1/26/2023,0,1049 stockton street,stockton bakery,37.7956138,-122.408367,,,,,,1084,0,0
STREET MEET,12,0,0,0,0,0.5,1/20/2021,1,2380 san bruno avenue,street meet,37.7326779,-122.4059329,,,,,,1820,0,0
STREET TACO,3,0,0,0,0,0,7/8/2021,0,83 9th street,street taco,37.7765472,-122.4149028,4.5,1368,"1607 Haight St, San Francisco, CA 94117, United States",37.7696652,-122.4489638,1651,0,5868
STREET TACO,3,0,0,0,0,0,7/8/2021,0,83 9th street,street taco,37.7765472,-122.4149028,4.5,164,"83 9th St, San Francisco, CA 94103, United States",37.7765472,-122.4149028,1651,0,4664
STREET TACO,3,0,0,0,0,0,7/8/2021,0,83 9th street,street taco,37.7765472,-122.4149028,4.4,292,"980 16th St, San Francisco, CA 94107, United States",37.76665879999999,-122.3960927,1651,0,4692
SUITES PANTRY,2,0,0,0,1,-1,9/15/2021,0,1 warrior way level 400 south east,suites pantry,37.7680183,-122.3878772,,,,,,1582,0,0
SULLY S MARINA LOUNGE,2,3,1.5,0,0.5,-0.5,2/13/2024,0,2138 chestnut street,sully s marina lounge,37.800729,-122.4386955,,,,,,701,0,-15
SUNSET RESERVOIR BREWING COMPANY,8,0,0,0,1,-1,11/17/2020,0,1735 noriega street,sunset reservoir brewing company,37.7537524,-122.4823476,,,,,,1884,0,0
SUNSET SUBS,3,0,0,0,0,0,9/21/2022,0,1248 09th avenue,sunset subs,37.7650291,-122.4661625,,,,,,1211,0,0
SUNSET SUPER,10,0,0,220,0.5,-0.5,12/8/2021,0,2801 vicente street,sunset super,37.738333,-122.49728,,,,,,1498,0,0
SUNSHINE WHEATFIELD DIM SUM,9,0,0,0,0,0,1/19/2021,0,2668 san bruno avenue,sunshine wheatfield dim sum,37.7278865,-122.404008,,,,,,1821,0,0
SUPER DUPER,25,35,1.4,65,0,0,6/6/2025,0,2201 chestnut street,super duper,37.800243,-122.439825,,,,,,222,0.3917808219178082,-14
SUPER STAR,4,0,0,0,0,1,3/1/2021,1,4919 mission street b,super star,37.719692,-122.438575,,,,,,1780,0,0
SUPPENKUCHE,7,0,0,0,0,1,9/15/2021,1,525 laguna street,suppenkuche,37.776294,-122.426264,,,,,,1582,0,0
SURISAN,5,0,0,0,0,0,11/9/2022,0,505 beach street,surisan,37.80678990000001,-122.4176005,4.5,2051,"505 Beach St, San Francisco, CA 94133, United States",37.8067911,-122.417499,1162,0,6551
SUSHI HAKKO,4,2,0.5,426.5,0,0,5/28/2025,0,2184 union street,sushi hakko,37.7973499,-122.4351562,,,,,,231,0.36712328767123287,-5
SUSHI HON,6,0,0,0,1,-1,3/31/2021,0,2598 harrison street,sushi hon,37.7560218,-122.412464,,,,,,1750,0,0
SUSHI SHOH,6,0,0,0,0,0,4/25/2023,0,406 dewey boulevard,sushi shoh,37.74736860000001,-122.4595396,,,,,,995,0,0
SUSHI ZONE,8,0,0,0,0,0,8/25/2021,0,1815 market street 5,sushi zone,37.7712604,-122.4237864,,,,,,1603,0,0
SUSHIRRITO,10,0,0,226,0,0,11/9/2022,0,226 kearny street,sushirrito,37.7902361,-122.4037893,,,,,,1162,0,0
SUSIECAKES HOLDINGS,1,0,0,0,1,-1,1/12/2024,0,2109 chestnut street,susiecakes holdings,37.800477,-122.4381285,,,,,,733,0,0
SWEETGREEN,12,12,1,223,0,0,4/22/2025,0,2040 chestnut street,sweetgreen,37.8009,-122.437188,,,,,,267,0.2684931506849315,-10
TABOUN,4,0,0,0,0,0,11/4/2021,0,203 parnassus avenue,taboun,37.764574,-122.45295,4.5,278,"203 Parnassus Ave, San Francisco, CA 94117, United States",37.7643806,-122.4529238,1532,0,4778
TACKO SHOP,60,30,0.5,67.5,0,0,9/4/2024,0,3115 fillmore street,tacko shop,37.798273,-122.435774,,,,,,497,0,-5
TACOLICIOUS,22,16,0.7272727272727273,60,0,0.6363636363636364,8/15/2024,0,2250 chestnut street,tacolicious,37.8004475,-122.4405573,,,,,,517,0,-7.272727273
TACOS EL PATRON,6,0,0,0,0,1,9/24/2020,1,1500 south van ness avenue 100,tacos el patron,37.7489967,-122.416129,4.6,1369,"1500 S Van Ness Ave #100, San Francisco, CA 94110, United States",37.74901819999999,-122.416117,1938,0,5969
TACOS NOPALITO,6,0,0,0,0,0,4/24/2023,0,3690 18th street,tacos nopalito,37.7616463,-122.4255119,,,,,,996,0,0
TAD S STEAKHOUSE,6,0,0,0,0,0,1/18/2023,0,44 ellis street,tad s steakhouse,37.786069,-122.4070392,,,,,,1092,0,0
TADICH GRILL,9,0,0,0,0,0,5/2/2023,0,240 california street,tadich grill,37.793358,-122.399443,4.5,3009,"240 California St, San Francisco, CA 94111, United States",37.7934087,-122.3994416,988,0,7509
TAISHOKEN,4,0,0,0,1,-1,10/17/2022,0,665 valencia street,taishoken,37.7622236,-122.4214968,,,,,,1185,0,0
TAIWAN,5,0,0,0,0,1,1/25/2021,1,445 clement street,taiwan,37.782933,-122.464089,,,,,,1815,0,0
TANG BAR BY DAINTY,11,0,0,0,0,0,10/13/2020,0,3251 20th avenue 218,tang bar by dainty,37.7277303,-122.4769749,,,,,,1919,0,0
TAQUERIA EL BUEN SABOR,10,0,0,0,0,0,1/11/2022,0,699 valencia street,taqueria el buen sabor,37.761743,-122.421492,,,,,,1464,0,0
TAQUERIA EL CASTILLITO,18,0,0,0,0.5,-0.5,6/8/2022,0,370 golden gate avenue,taqueria el castillito,37.7816122,-122.4167292,,,,,,1316,0,0
TAQUERIA EL FAROLITO 3,9,0,0,0,0,2,5/18/2022,2,2950 24th street,taqueria el farolito 3,37.752728,-122.411122,,,,,,1337,0,0
TAQUERIA LOS MAYAS,6,0,0,357,0,0,7/12/2021,0,331 clement street,taqueria los mayas,37.7828708,-122.4628243,4.6,1248,"331 Clement St, San Francisco, CA 94118, United States",37.7828806,-122.4628405,1647,0,5848
TAQUERIA SAN JOSE 1,3,0,0,0,0,0,10/20/2021,0,2830 mission street,taqueria san jose 1,37.751687,-122.418455,,,,,,1547,0,0
TARTINE MANUFACTORY,6,0,0,0,0,0,10/28/2020,0,595 alabama street,tartine manufactory,37.7618766,-122.4119253,4.5,4197,"595 Alabama St, San Francisco, CA 94110, United States",37.7618278,-122.4118972,1904,0,8697
TASTY POT,8,0,0,0,0,0,9/21/2022,0,815 clement street,tasty pot,37.78257929999999,-122.4680199,,,,,,1211,0,0
TAZZA D AMORE INC,3,0,0,0,0,0,12/14/2021,0,700 04th street,tazza d amore inc,37.776207,-122.3954008,,,,,,1492,0,0
TBD,4,20,5,2,0,0,3/14/2025,0,2990 baker street,tbd,37.798524,-122.4457065,,,,,,306,0.16164383561643836,-50
TEA FM,6,0,0,446,0,0,5/31/2023,1,3251 20th avenue,tea fm,37.7277303,-122.4769749,,,,,,959,0,0
TEA HUT,6,0,0,0,0,0,3/24/2022,0,2815 california street,tea hut,37.7879091,-122.4407762,,,,,,1392,0,0
TELVE,2,3,1.5,0,0.5,-0.5,1/6/2025,0,2163 union street,telve,37.797066,-122.434812,,,,,,373,0,-15
TERZO,6,6,1,439,0,0,7/19/2024,0,3011 steiner street,terzo,37.797144,-122.437224,4.6,347,"3011 Steiner St, San Francisco, CA 94123, United States",37.7971201,-122.4373439,544,0,4937
THAI HOUSE EXPRESS ON CASTRO,3,0,0,356,0,0,10/24/2022,1,599 castro,thai house express on castro,37.759404,-122.434836,,,,,,1178,0,0
THE BLUE LIGHT,12,12,1,327,0,0,9/25/2024,0,1979 union street,the blue light,37.7973931,-122.431768,,,,,,476,0,-10
THE BOARDROOM,10,0,0,0,0,0,9/24/2020,0,1600 powell street,the boardroom,37.7994867,-122.4109109,,,,,,1938,0,0
THE BRIXTON,2,6,3,953,0,0,9/5/2024,0,2140 union street,the brixton,37.797238,-122.434533,,,,,,496,0,-30
THE CAVIAR COMPANY,1,1,1,0,1,-1,3/26/2024,0,1954 union street,the caviar company,37.797885,-122.4315135,,,,,,659,0,-10
THE CENTER,1,0,0,0,0,0,9/20/2022,0,546 fillmore street,the center,37.7746054,-122.4306926,,,,,,1212,0,0
THE CHAIRMAN 3,4,2,0.5,367,0,0,8/9/2024,0,2 marina boulevard fort mason ctr bldg c,the chairman 3,37.806534,-122.427806,,,,,,523,0,-5
THE CHAPEL,4,0,0,0,0,1,10/20/2021,1,777 valencia street,the chapel,37.7604917,-122.4212138,,,,,,1547,0,0
THE CHEESE STEAK SHOP,6,0,0,0,0,0,2/13/2023,0,1716 divisadero street,the cheese steak shop,37.7855481,-122.4397984,,,,,,1066,0,0
THE CHEESECAKE FACTORY,12,0,0,0,0,0,6/5/2023,1,251 geary street 8th floor,the cheesecake factory,37.787423,-122.407417,3.8,4443,"251 Geary St 8th Floor, San Francisco, CA 94102, United States",37.7872434,-122.4074588,954,0,8243
THE CLANCY AUTOGRAPH COLLECTION,7,0,0,0,0,0,6/30/2022,0,299 second street,the clancy autograph collection,37.7859285,-122.3965957,,,,,,1294,0,0
THE COFFEE BERRY,4,12,3,196,0.5,-0.5,6/13/2025,0,1410 lombard street,the coffee berry,37.80144,-122.424966,,,,,,215,0.410958904,-30
THE DARLING OR BAR DARLING,72,320,4.444444444444445,52.22222222222222,0.1111111111111111,-0.111111111,6/12/2025,0,2263 chestnut street,the darling or bar darling,37.799973,-122.4404595,,,,,,216,0.40821917808219177,-44.44444444
THE FINAL FINAL,4,24,6,49,0.5,-0.5,4/30/2024,0,2990 baker street,the final final,37.798524,-122.4457065,,,,,,624,0,-60
THE GOOD LIFE PIZZA,18,30,1.6666666666666667,198.33333333333334,0,0,3/13/2025,0,3157 fillmore street,the good life pizza,37.79872599999999,-122.436039,4.5,299,"3157 Fillmore St, San Francisco, CA 94123, United States",37.7987316,-122.4359827,307,0.1589041095890411,4782.333333333333
THE GRATEFUL DOG SAN FRANCISCO,1,0,0,0,1,-1,8/27/2024,0,1769 lombard street,the grateful dog san francisco,37.800261,-122.4305505,,,,,,505,0,0
THE GROVE,4,0,0,195,0,1,4/5/2022,0,690 mission street,the grove,37.786474,-122.401788,,,,,,1380,0,0
THE GRUB BIES,4,0,0,0,0,0,12/6/2021,0,123 02nd street,the grub bies,37.7877487,-122.3992165,,,,,,1500,0,0
THE HOLLOW COW MARKET,1,1,1,0,1,-1,7/19/2024,0,3165 steiner street,the hollow cow market,37.798587,-122.437791,,,,,,544,0,-10
THE ITALIAN HOMEMADE COMPANY,9,0,0,0,0,2,9/21/2022,2,1 franklin street,the italian homemade company,37.7744473,-122.4211097,4.6,3198,"716 Columbus Ave, San Francisco, CA 94133, United States",37.8016128,-122.411732,1211,0,7798
THE ITALIAN HOMEMADE COMPANY,9,0,0,0,0,2,9/21/2022,2,1 franklin street,the italian homemade company,37.7744473,-122.4211097,4.6,1684,"1919 Union St, San Francisco, CA 94123, United States",37.7975668,-122.4310141,1211,0,6284
THE ITALIAN HOMEMADE COMPANY,9,0,0,0,0,2,9/21/2022,2,1 franklin street,the italian homemade company,37.7744473,-122.4211097,4.4,595,"1 Franklin St, San Francisco, CA 94102, United States",37.7744008,-122.4209441,1211,0,4995
THE ITALIAN HOMEMADE COMPANY MARINA,1,4,4,0,1,-1,11/5/2024,0,1919 union street,the italian homemade company marina,37.797435,-122.430987,,,,,,435,0,-40
THE MARKET ON MARKET,6,0,0,0,0,1,5/13/2021,1,1355 market street,the market on market,37.7769754,-122.4164009,,,,,,1707,0,0
THE MELT,5,0,0,21,0,1,6/15/2021,0,1 embarcadero center,the melt,37.794588,-122.399642,4.4,4445,"925 Market Street, 5th St, San Francisco, CA 94103, United States",37.783308,-122.408452,1674,0,8845
THE MELT,5,0,0,21,0,1,6/15/2021,0,1 embarcadero center,the melt,37.794588,-122.399642,4.5,1397,"455 Market St at First, Suite #140, San Francisco, CA 94105, United States",37.7910309,-122.3988939,1674,0,5897
THE MORRIS,5,0,0,0,0,0,9/8/2021,0,2501 mariposa street,the morris,37.7630081,-122.4085581,4.7,630,"2501 Mariposa St, San Francisco, CA 94110, United States",37.7629795,-122.4084796,1589,0,5330
THE PIZZA PLACE,4,0,0,373,0,0,8/12/2022,0,3901 noriega street,the pizza place,37.752933,-122.505619,,,,,,1251,0,0
THE RAINBOW,3,0,0,0,1,-1,6/23/2022,0,4401 18th street,the rainbow,37.7605255,-122.4383836,,,,,,1301,0,0
THE ROOST,5,0,0,7,0,0,10/12/2021,0,479 ellis street,the roost,37.78456250000001,-122.4140045,,,,,,1555,0,0
THE SALVATION ARMY HARBOR LIGHT CENTER,1,0,0,0,0,0,9/21/2022,0,407 9th street,the salvation army harbor light center,37.772473,-122.409879,,,,,,1211,0,0
THE SHOWDOWN,7,0,0,0,0,0,11/10/2022,0,1268 grant avenue,the showdown,37.7986865,-122.4070356,,,,,,1161,0,0
THE SILVER PLATTER,2,0,0,0,0.5,-0.5,1/26/2024,0,2501 van ness avenue,the silver platter,37.798668,-122.424273,,,,,,719,0,0
THE SOUP,7,0,0,0,1,-1,8/10/2022,0,2315 irving street,the soup,37.7631844,-122.4828244,,,,,,1253,0,0
THE SPICY SHRIMP,10,0,0,188,0,0,11/29/2021,0,150 waverly place,the spicy shrimp,37.7948366,-122.4068215,,,,,,1507,0,0
THE WAFFLE ROOST 3,1,0,0,0,1,-1,6/3/2025,0,2 marina boulevard,the waffle roost 3,37.805508,-122.4319545,,,,,,225,0.3835616438356164,0
THE WATERFRONT,3,0,0,0,0,0,7/21/2021,0,pier 7 embarcadero,the waterfront,37.793874,-122.396464,,,,,,1638,0,0
THUMA INC,1,0,0,0,1,-1,6/6/2025,0,2197 chestnut street,thuma inc,37.80027,-122.4393075,,,,,,222,0.3917808219178082,0
TIP TOP MARKET,1,0,0,0,1,-1,6/15/2022,0,84 turk street,tip top market,37.783268,-122.410553,,,,,,1309,0,0
TIPSY PIG THE,4,6,1.5,107,0.5,-0.5,8/13/2024,0,2231 chestnut street,tipsy pig the,37.800054,-122.4400275,,,,,,519,0,-15
TIYA,4,4,1,145,0.5,-0.5,1/24/2025,0,3213 scott street,tiya,37.79946,-122.4411795,4.6,395,"3213 Scott St, San Francisco, CA 94123, United States",37.79950850000001,-122.4412277,355,0.02739726,4985
TOKYROLL SUSHI POK SOMA,5,0,0,0,0,0,9/21/2022,1,475 06th street k24,tokyroll sushi pok soma,37.7763724,-122.4027509,,,,,,1211,0,0
TOMMYS MEXICAN,2,0,0,0,0,0,10/20/2021,0,5929 geary boulevard,tommys mexican,37.780083,-122.483108,,,,,,1547,0,0
TONY S PIZZA SOUTH 300,2,0,0,0,1,-1,9/15/2021,0,1 warriors way level 300 west,tony s pizza south 300,37.76847679999999,-122.3865977,,,,,,1582,0,0
TORRAKU RAMEN,4,12,3,161,0,0,11/5/2024,0,1449 lombard street,torraku ramen,37.8008703,-122.4254239,,,,,,435,0,-30
TORREZ TAQUERIA INC,9,0,0,0,0,0,1/20/2021,0,1338 ocean avenue,torrez taqueria inc,37.7242877,-122.4571116,,,,,,1820,0,0
TRATTORIA DA VITTORIO,7,0,0,0,0,0,6/20/2023,0,150 west portal avenue,trattoria da vittorio,37.739223,-122.46766,4.5,828,"150 W Portal Ave, San Francisco, CA 94127, United States",37.7393559,-122.4677172,939,0,5328
TU LAN VIETNAMESE,16,0,0,0,0,0,4/27/2023,0,8 06th street,tu lan vietnamese,37.7818888,-122.4100873,,,,,,993,0,0
TUNG SING,6,0,0,0,0,0,6/14/2021,0,4015 24th street,tung sing,37.751373,-122.432319,,,,,,1675,0,0
TURNER S KITCHEN,7,0,0,0,0,0,4/19/2023,0,3505 b 17th street,turner s kitchen,37.7630388,-122.4243281,,,,,,1001,0,0
TWISTED ST,3,0,0,851,0,0,11/26/2024,0,2322 lombard street,twisted st,37.7995423,-122.4398667,,,,,,414,0,0
U DESSERT STORY,4,0,0,0,0,0,12/20/2021,0,3489 16th street,u dessert story,37.7642138,-122.4305996,,,,,,1486,0,0
UDON TIME,4,0,0,0,0,0,5/4/2023,0,55 division street,udon time,37.7696951,-122.4033046,,,,,,986,0,0
UM MA,8,0,0,0,0,1,10/21/2021,1,1220 09th avenue,um ma,37.7654934,-122.4661957,,,,,,1546,0,0
UN ALTRO,1,10,10,0,1,-1,2/8/2024,0,3213 pierce street,un altro,37.799685,-122.439564,,,,,,706,0,-100
UNCLE BENNY S DONUT BAGEL,12,0,0,377,0,0,11/9/2022,1,2049 irving street,uncle benny s donut bagel,37.76324049999999,-122.4801809,,,,,,1162,0,0
UNCLE BOY S,5,0,0,0,0,0,10/15/2020,0,245 balboa street,uncle boy s,37.7771889,-122.4615596,,,,,,1917,0,0
UNION ST COFFEE ROASTERY,1,1,1,0,1,-1,3/7/2024,0,2191 union street,union st coffee roastery,37.796985,-122.435208,,,,,,678,0,-10
UNION STREET ALE HOUSE,1,4,4,0,1,-1,1/9/2025,0,1980 union street unit,union street ale house,37.79775601,-122.431897,,,,,,370,0,-40
UNITED DUMPLINGS,27,28,1.037037037037037,34.370370370370374,0,0.5555555555555556,3/11/2025,0,2015 chestnut street,united dumplings,37.8006053,-122.4365797,,,,,,309,0.15342465753424658,-10.37037037
UNIVERSAL BAKERY INC,5,0,0,0,0,1,8/25/2022,1,3458 mission street,universal bakery inc,37.741317,-122.422687,,,,,,1238,0,0
UNIVERSAL BREAKFAST LUNCH,1,0,0,0,0,0,5/19/2022,0,1217 geneva avenue,universal breakfast lunch,37.7142501,-122.4357092,,,,,,1336,0,0
UPPER CUT,6,0,0,0,0,0,10/28/2020,0,425 2nd street,upper cut,37.784118,-122.394421,3.1,46,"601 Mission Bay Boulevard North, San Francisco, CA 94158, United States",37.7706156,-122.392365,1904,0,3146
URBAN CURRY,15,0,0,0,0,2,10/5/2021,2,523 broadway street,urban curry,37.7978359,-122.4059645,,,,,,1562,0,0
URBAN RITUAL,3,0,0,0,0,0,6/11/2021,0,488 fell street,urban ritual,37.7757205,-122.4258658,,,,,,1678,0,0
V J,6,0,0,279,0,0,4/24/2023,0,670 broadway street,v j,37.7979856,-122.4081523,,,,,,996,0,0
VALENTINO MARKET,9,0,0,109.66666666666667,0.3333333333333333,-0.333333333,3/14/2025,0,2000 filbert street,valentino market,37.798524,-122.4326655,,,,,,306,0.16164383561643836,0
VALLARTA S TACO BAR,28,0,0,0,0,1.5,5/9/2023,2,3033 24th street,vallarta s taco bar,37.75241219999999,-122.4126145,,,,,,981,0,0
VCR CAFES,1,0,0,0,1,-1,8/23/2022,0,1155 battery street,vcr cafes,37.8018262,-122.4023928,,,,,,1240,0,0
VEGAN PICNIC,3,0,0,0,1,-1,2/23/2021,0,1323 polk street,vegan picnic,37.7889922,-122.4206102,,,,,,1786,0,0
VIA VENETO,6,0,0,0,0,0,9/20/2021,0,2244 fillmore street,via veneto,37.790437,-122.434097,,,,,,1577,0,0
VIC S WINEHOUSE ON FILLMORE,3,0,0,0,1,-1,9/29/2021,0,1870 fillmore street,vic s winehouse on fillmore,37.786766,-122.4332966,,,,,,1568,0,0
VICTOR S PIZZA,7,0,0,411,0,0,10/24/2022,2,1411 polk street,victor s pizza,37.789944,-122.420595,,,,,,1178,0,0
VIENI VIENI,4,0,0,0,0,0,3/10/2023,0,1431 stockton street,vieni vieni,37.798914,-122.408885,,,,,,1041,0,0
VIK SLENDER CORP,7,0,0,0,0,1,6/30/2022,1,511 hayes street,vik slender corp,37.7764665,-122.4248925,,,,,,1294,0,0
VIKINGS GIANT SUBMARINE,4,10,2.5,4,0.5,-0.5,10/29/2024,0,1418 lombard street,vikings giant submarine,37.80144,-122.424966,,,,,,442,0,-25
VIOLET S,5,0,0,0,0,0,1/25/2022,0,2301 clement avenue,violet s,37.7818401,-122.4839394,,,,,,1450,0,0
VIVA GOA INDIAN CUISINE,3,6,2,1085,0,0,1/22/2025,0,2420 lombard street,viva goa indian cuisine,37.799188,-122.441423,4.2,693,"2420 Lombard St, San Francisco, CA 94123, United States",37.799322,-122.441471,357,0.021917808219178082,4873
WAGO SUSHI,12,6,0.5,275,0,0.5,1/17/2025,0,2365 chestnut street,wago sushi,37.7998901,-122.4422702,,,,,,362,0.008219178,-5
WAYO,3,0,0,0,1,-1,7/28/2021,0,1407 van ness avenue,wayo,37.788609,-122.42213,,,,,,1631,0,0
WEI S CAFE,6,0,0,0,0,0,6/2/2022,0,1537 ocean avenue,wei s cafe,37.7242644,-122.4588762,,,,,,1322,0,0
WEST OF PECOS,8,0,0,7,0,0,11/9/2022,1,550 valencia street,west of pecos,37.764087,-122.421881,,,,,,1162,0,0
WESTWOOD,3,5,1.6666666666666667,303.3333333333333,0,0,10/16/2024,0,2036 lombard street,westwood,37.8001322,-122.4354726,3.8,351,"2036 Lombard St, San Francisco, CA 94123, United States",37.8000951,-122.435465,455,0,4134.333333333333
WHOLE CAKES,6,0,0,0,0,0,6/24/2022,0,1000 16th street,whole cakes,37.7665506,-122.3970293,,,,,,1300,0,0
WICKED GROUNDS,3,0,0,0,0,0,7/21/2021,0,289 08th street,wicked grounds,37.7753543,-122.4101844,,,,,,1638,0,0
WILDER,12,12,1,211.75,0,0,8/14/2024,0,3154 fillmore street,wilder,37.7988179,-122.4356765,,,,,,518,0,-10
WILDSEED,8,4,0.5,430,0,0,1/14/2025,0,2000 union street,wildseed,37.79763,-122.4324389,4.6,1411,"2000 Union St, San Francisco, CA 94123, United States",37.7976259,-122.4324404,365,0,6006
WILLYS FOOD,4,0,0,0,0,0,11/29/2022,0,4517 03rd street,willys food,37.73675619999999,-122.3897001,,,,,,1142,0,0
WING LEE BAKERY,6,0,0,0,0,0,6/18/2021,0,503 clement street,wing lee bakery,37.782837,-122.4646422,4.5,299,"503 Clement St, San Francisco, CA 94118, United States",37.782808,-122.4646482,1671,0,4799
WINGSTOP,3,0,0,0,1,-1,9/21/2022,0,475 06th street k25,wingstop,37.7763724,-122.4027509,,,,,,1211,0,0
WOLFES LUNCH,8,0,0,0,0,0,10/20/2021,0,1220 16th street,wolfes lunch,37.7664247,-122.3996713,,,,,,1547,0,0
WON KOK,13,0,0,0,0,1,9/24/2020,1,700 monterey boulevard,won kok,37.7318118,-122.4513172,,,,,,1938,0,0
WONDERFUL FOODS,6,0,0,0,0,0,10/20/2021,0,2035 irving street,wonderful foods,37.763399,-122.479654,,,,,,1547,0,0
WONGLEE,30,0,0,0,0,0,10/3/2022,0,732 jackson street,wonglee,37.7960476,-122.4072804,,,,,,1199,0,0
WOORI FOOD MARKET,7,0,0,0,1,-1,2/23/2021,0,1528 fillmore street,woori food market,37.78374090000001,-122.4326258,,,,,,1786,0,0
WORKING GIRLS CAFE 4,7,0,0,0,0,0,9/20/2021,0,122 new montgomery street,working girls cafe 4,37.787227,-122.40028,,,,,,1577,0,0
WORLD WRAPPS,1,3,3,206,0,2,2/16/2024,1,2105 chesnut street,world wrapps,37.8005637,-122.4380672,,,,,,698,0,-30
WRECKING BALL COFFEE ROASTERS,1,2,2,641,0,0,2/26/2024,0,2271 union street,wrecking ball coffee roasters,37.796715,-122.436621,4.4,583,"2271 Union St, San Francisco, CA 94123, United States",37.7968377,-122.4366428,688,0,4963
YAKINIQ,7,0,0,398,0,0,6/20/2023,0,1640 post street,yakiniq,37.785738,-122.428824,,,,,,939,0,0
YANGTZE MEAT FISH MARKET,3,0,0,0,0,1,10/14/2020,1,4599 mission street,yangtze meat fish market,37.7246982,-122.4346213,,,,,,1918,0,0
YASMIN,16,0,0,0,0,1,5/24/2021,1,799 valencia street,yasmin,37.7599728,-122.4211684,,,,,,1696,0,0
YILAN BENTO,6,0,0,0,0,0,7/13/2021,0,653 clay street,yilan bento,37.7944347,-122.4039953,,,,,,1646,0,0
YOU SEE SUSHI,2,0,0,0,0,0,6/15/2021,0,94 judah street,you see sushi,37.762378,-122.462692,,,,,,1674,0,0
YUJI,3,0,0,0,1,-1,6/30/2022,0,1700 post street k,yuji,37.7857552,-122.4299738,4.8,89,"1700 Post St k, San Francisco, CA 94115, United States",37.7857101,-122.4301704,1294,0,4889
YUM YUM SUSHI HOUSE,10,0,0,0,0,0,5/4/2023,0,2181 irving street,yum yum sushi house,37.76318759999999,-122.4811979,,,,,,986,0,0
YUYU SUSHI,3,0,0,22,0,0,9/21/2022,0,1559 a sloat street,yuyu sushi,37.733901,-122.490726,,,,,,1211,0,0
ZINGARI,3,0,0,0,0,0,6/9/2022,0,501 post street,zingari,37.787983,-122.410397,,,,,,1315,0,0
ZUSHI PUZZLE,1,1,1,0,1,-1,9/23/2024,0,1910 lombard street,zushi puzzle,37.800531,-122.4330975,4.6,454,"1910 Lombard St, San Francisco, CA 94123, United States",37.8003979,-122.4331487,478,0,5044
